{
  "tag": "mne_cpu_seed0_chunkfull_n60",
  "dataset": "mne",
  "device": "cpu",
  "seed": 0,
  "chunk_size": null,
  "max_iter": 200,
  "data_shape": [
    59,
    166800
  ],
  "n_comp": 60,
  "wall_total_s": 499.6613838672638,
  "jit_compile_s": 2.3632616969989613,
  "steady_per_iter_ms": 2475.240109452244,
  "steady_total_s": 492.5727817809966,
  "peak_rss_gb": 2.4502906799316406,
  "rss_delta_gb": 1.7110633850097656,
  "peak_gpu_mem_gb": null,
  "ll_first": -1.430977400893008,
  "ll_final": -1.3380388696494332,
  "ll_trajectory": [
    -1.430977400893008,
    -1.3934930944840576,
    -1.3873371462452841,
    -1.3859945612073439,
    -1.385450648143619,
    -1.385116138636566,
    -1.384858117881621,
    -1.3846366709940254,
    -1.3844371550383718,
    -1.3842532685515208,
    -1.3840809882550638,
    -1.3839180944637073,
    -1.3837633236088973,
    -1.383615153887622,
    -1.3834725546946625,
    -1.3833349325641724,
    -1.3832018639285304,
    -1.3830727024855125,
    -1.3829471173344514,
    -1.382825900468841,
    -1.3827073706016546,
    -1.3825912563200446,
    -1.3824772806217782,
    -1.3823654946497228,
    -1.3822569379860055,
    -1.3821514704974276,
    -1.3820483540365878,
    -1.3819468415977454,
    -1.3818467083287331,
    -1.3817478204980067,
    -1.381649951090885,
    -1.3815530932886921,
    -1.3814570399798558,
    -1.3813618160075878,
    -1.381267475367488,
    -1.3811737938468953,
    -1.381082146466289,
    -1.3809912278108338,
    -1.380901004892092,
    -1.380811485729239,
    -1.3807226221611073,
    -1.3806341553881558,
    -1.3805460044244666,
    -1.3804582552803866,
    -1.3803707477970388,
    -1.3802834693814316,
    -1.380196510362277,
    -1.380109775944058,
    -1.3800231571827328,
    -1.3799367470451953,
    -1.379850580885771,
    -1.3797379185304306,
    -1.379525036263185,
    -1.3791085722976493,
    -1.3782761847677247,
    -1.3768902045312807,
    -1.3748869837905153,
    -1.3722073802492787,
    -1.3688933140165425,
    -1.3654075545958608,
    -1.3627418277803889,
    -1.3610982622677326,
    -1.3600141708466211,
    -1.3592110802361668,
    -1.358501033632594,
    -1.3577985020170347,
    -1.357069422765889,
    -1.3563001445894574,
    -1.355496817550195,
    -1.354707819856625,
    -1.3539829998562227,
    -1.353338047277049,
    -1.3527483617484992,
    -1.3521832992932656,
    -1.351626526914613,
    -1.3510749558312678,
    -1.350528097733235,
    -1.349993461993141,
    -1.3494864471841703,
    -1.3490229797329194,
    -1.3486153084273476,
    -1.3482656192367324,
    -1.347964096517376,
    -1.347700306688499,
    -1.347462686411047,
    -1.3472440327957356,
    -1.347038026493599,
    -1.3468388605378314,
    -1.3466415866129189,
    -1.3464454868512543,
    -1.3462480978517044,
    -1.3460493607400426,
    -1.3458486001249084,
    -1.345646204054491,
    -1.3454425227954911,
    -1.3452384059730924,
    -1.345034959228607,
    -1.344833495346238,
    -1.3446363032910926,
    -1.34444433107137,
    -1.3442584388336403,
    -1.3440784196165905,
    -1.3439040794567256,
    -1.343734794817446,
    -1.3435697897215024,
    -1.3434084351816584,
    -1.3432512043243576,
    -1.3430989540511167,
    -1.3429518714094502,
    -1.3428116640778316,
    -1.3426784778596346,
    -1.342552120996433,
    -1.3424334404054512,
    -1.3423220600024066,
    -1.3422186911786713,
    -1.3421220798117846,
    -1.3420326346046243,
    -1.3419493427902267,
    -1.3418719861740664,
    -1.3417999845061512,
    -1.3417321936229853,
    -1.341668188845898,
    -1.3416071901129187,
    -1.3415490373980725,
    -1.3414931642860801,
    -1.3414393695001678,
    -1.3413874833089898,
    -1.3413368940657315,
    -1.3412878010861529,
    -1.3412405123461446,
    -1.3411939857365938,
    -1.341148525168693,
    -1.341104224295263,
    -1.341060772586487,
    -1.3410180240540417,
    -1.3409762434349375,
    -1.34093511170683,
    -1.3408947612865052,
    -1.3408551033038203,
    -1.3408160687081359,
    -1.3407777483249235,
    -1.3407400769898858,
    -1.3407029614479062,
    -1.3406664948679943,
    -1.3406308383827064,
    -1.3405959934418457,
    -1.3405617828754757,
    -1.3405284436677853,
    -1.3404958161440437,
    -1.3404637103549077,
    -1.3404321360454938,
    -1.3404008384124044,
    -1.3403698441935001,
    -1.3403389714225116,
    -1.3403086126539,
    -1.3402784952604654,
    -1.3402487452972598,
    -1.3402195448360865,
    -1.3401906806248953,
    -1.3401623058964245,
    -1.3401343385127422,
    -1.3401065429104373,
    -1.3400789194101153,
    -1.3400516774125846,
    -1.3400248267792363,
    -1.3399982266295565,
    -1.3399718927262907,
    -1.3399459225949968,
    -1.3399203486560942,
    -1.3398944711244838,
    -1.3398686204719263,
    -1.3398430212313208,
    -1.3398172269188264,
    -1.3397913670186277,
    -1.3397655120801368,
    -1.3397395686402638,
    -1.3397135841855023,
    -1.3396873955412048,
    -1.339660840089108,
    -1.339633925610018,
    -1.3396065010254712,
    -1.3395783963516352,
    -1.3395494772502188,
    -1.3395199838370464,
    -1.3394897148449432,
    -1.3394576584864033,
    -1.3394233668254634,
    -1.33938619333091,
    -1.339345388828481,
    -1.3392997972707326,
    -1.3392481943202996,
    -1.3391888442823376,
    -1.339119035676415,
    -1.3390353277390366,
    -1.3389331840800327,
    -1.3388073111474859,
    -1.338653323388823,
    -1.3384699095056625,
    -1.3382612514781034,
    -1.3380388696494332
  ],
  "n_iter": 200,
  "W_frobenius": 7.691697325156824,
  "W_hash": 59.162207741824645
}