{
  "tag": "mne_cpu_seed0_chunkfull_n30",
  "dataset": "mne",
  "device": "cpu",
  "seed": 0,
  "chunk_size": null,
  "max_iter": 200,
  "data_shape": [
    30,
    166800
  ],
  "n_comp": 30,
  "wall_total_s": 215.40269589424133,
  "jit_compile_s": 1.822456553010852,
  "steady_per_iter_ms": 1052.374118597767,
  "steady_total_s": 209.4224496009556,
  "peak_rss_gb": 1.6370429992675781,
  "rss_delta_gb": 0.8967781066894531,
  "peak_gpu_mem_gb": null,
  "ll_first": -1.4515797712768845,
  "ll_final": -1.3834978984851296,
  "ll_trajectory": [
    -1.4515797712768845,
    -1.4160458825118796,
    -1.410446905323064,
    -1.4093467639226531,
    -1.4089555739720157,
    -1.4087430743505716,
    -1.4085929834053377,
    -1.4084685040054685,
    -1.4083581459227164,
    -1.4082569217722423,
    -1.4081625603038506,
    -1.408073794634515,
    -1.4079897239233559,
    -1.4079097639592517,
    -1.4078333367723324,
    -1.4077601802778161,
    -1.4076899001953076,
    -1.4076222311080098,
    -1.407556954399562,
    -1.4074938784077244,
    -1.4074328394904454,
    -1.4073736687922171,
    -1.4073162734136035,
    -1.4072605014967388,
    -1.4072062490439905,
    -1.4071534525482614,
    -1.4071020201038082,
    -1.4070518987578744,
    -1.4070029809840219,
    -1.4069552032218038,
    -1.4069085349828734,
    -1.4068629426353572,
    -1.4068183359227555,
    -1.4067746972606818,
    -1.4067319483321536,
    -1.4066900669972917,
    -1.406648979564709,
    -1.4066087716677182,
    -1.4065693472718732,
    -1.4065306454204245,
    -1.406492691720532,
    -1.4064554313161481,
    -1.406418858818477,
    -1.4063829194153212,
    -1.4063476258475132,
    -1.4063129339271614,
    -1.406278883424174,
    -1.406245296881286,
    -1.4062123329825686,
    -1.4061798416518565,
    -1.406147866083203,
    -1.4061145645332624,
    -1.4060530906337527,
    -1.405936526332621,
    -1.4057166034776867,
    -1.4053874320056843,
    -1.4049841359039632,
    -1.4045485186038276,
    -1.4041189736534467,
    -1.4037170523226064,
    -1.4033399508176345,
    -1.4029638405539582,
    -1.4025527354230487,
    -1.40208616075377,
    -1.401542972643848,
    -1.4008975006213493,
    -1.4001341531387865,
    -1.399262268820693,
    -1.3983417386929806,
    -1.397506946959669,
    -1.396890270117833,
    -1.396471058620991,
    -1.3961525059678632,
    -1.3958702298855288,
    -1.3955976036399969,
    -1.3953249865030857,
    -1.3950494545856826,
    -1.3947723546338466,
    -1.3944951667600027,
    -1.3942191703643974,
    -1.393944287943802,
    -1.3936705201160913,
    -1.3933988814767533,
    -1.3931284511028357,
    -1.3928591594866404,
    -1.392589000404481,
    -1.3923177488501934,
    -1.3920457146225291,
    -1.3917729958461038,
    -1.391503023180737,
    -1.3912342766961563,
    -1.3909670166935342,
    -1.390704879843292,
    -1.3904485657869143,
    -1.3901995205614346,
    -1.389962249039296,
    -1.3897357149087475,
    -1.3895215393886227,
    -1.3893196577044415,
    -1.389129490690858,
    -1.388950793611744,
    -1.388781360267277,
    -1.3886204686448194,
    -1.3884669361402187,
    -1.3883206242150496,
    -1.3881805088732533,
    -1.3880471610401932,
    -1.387919791208732,
    -1.3877974607374994,
    -1.3876805056072128,
    -1.3875680489603117,
    -1.387459888394656,
    -1.3873561577857112,
    -1.3872574046336121,
    -1.3871624895121661,
    -1.3870705130427883,
    -1.3869820396939498,
    -1.3868967487019794,
    -1.386814095591941,
    -1.3867340089899947,
    -1.3866565543067675,
    -1.3865812174656817,
    -1.3865078674910587,
    -1.3864362103169705,
    -1.386366594269888,
    -1.386297937162482,
    -1.3862310913764708,
    -1.3861650765811355,
    -1.3861003362130182,
    -1.3860369771897232,
    -1.385974335160327,
    -1.3859122780125217,
    -1.3858511145869088,
    -1.3857909981965513,
    -1.3857312272520075,
    -1.385672376897543,
    -1.3856141727514948,
    -1.3855566303541411,
    -1.3854995832279484,
    -1.3854433916515052,
    -1.385387502952099,
    -1.385332062690187,
    -1.3852767393113847,
    -1.385221173849175,
    -1.3851659633486768,
    -1.385111530337281,
    -1.3850575283684532,
    -1.3850043797674887,
    -1.3849518499564546,
    -1.384900275561466,
    -1.3848490235176167,
    -1.3847991087017184,
    -1.3847502762890078,
    -1.3847019098650315,
    -1.384653887745522,
    -1.3846065294513494,
    -1.3845600877025215,
    -1.3845146526031105,
    -1.384470160445324,
    -1.3844267577228508,
    -1.3843847432685172,
    -1.3843440273429217,
    -1.384304682275488,
    -1.3842668040812562,
    -1.3842297370677572,
    -1.3841944762725173,
    -1.384159977284792,
    -1.3841268153525093,
    -1.3840950075406497,
    -1.38406453127002,
    -1.3840349268464174,
    -1.3840062464310638,
    -1.3839785664279278,
    -1.3839519387654553,
    -1.383926166168589,
    -1.38390136352293,
    -1.3838775110426371,
    -1.3838543263299399,
    -1.3838318507629557,
    -1.3838101225294674,
    -1.3837892665791556,
    -1.3837689822390322,
    -1.3837493029792802,
    -1.3837302268628762,
    -1.3837118892718046,
    -1.383694113649789,
    -1.383677065874539,
    -1.3836603761017827,
    -1.3836444874878837,
    -1.3836292048908694,
    -1.3836146084937804,
    -1.3836000361385923,
    -1.3835860521047612,
    -1.3835725009699882,
    -1.3835592980812492,
    -1.3835466864991806,
    -1.38353407912167,
    -1.3835217205841526,
    -1.3835097388642912,
    -1.3834978984851296
  ],
  "n_iter": 200,
  "W_frobenius": 5.479026791934673,
  "W_hash": 30.019734586737947
}