{
  "tag": "mne_gpu_seed0_chunkfull_n30",
  "dataset": "mne",
  "device": "gpu",
  "seed": 0,
  "chunk_size": null,
  "max_iter": 200,
  "data_shape": [
    30,
    166800
  ],
  "n_comp": 30,
  "wall_total_s": 3.5260512828826904,
  "jit_compile_s": 0.49100495399034116,
  "steady_per_iter_ms": 7.327287412399483,
  "steady_total_s": 1.458130195067497,
  "peak_rss_gb": 2.019683837890625,
  "rss_delta_gb": 1.2798347473144531,
  "peak_gpu_mem_gb": 0.714461088180542,
  "ll_first": -1.451579771276884,
  "ll_final": -1.3834974195413063,
  "ll_trajectory": [
    -1.451579771276884,
    -1.4160458825123805,
    -1.4104469053253221,
    -1.4093467639296884,
    -1.408955573958728,
    -1.408743074312136,
    -1.4085928745973761,
    -1.4084682690839994,
    -1.4083579063986689,
    -1.4082567228156142,
    -1.4081625199100531,
    -1.4080738939316162,
    -1.407989806046754,
    -1.4079097833647403,
    -1.4078333660680513,
    -1.4077601761376735,
    -1.4076898841652086,
    -1.4076222160290532,
    -1.4075570369036463,
    -1.4074939579881498,
    -1.407432923886535,
    -1.4073737556986181,
    -1.4073163716044685,
    -1.4072605894465553,
    -1.4072063085655135,
    -1.4071534806794541,
    -1.407102018666191,
    -1.4070519086781708,
    -1.4070029777929052,
    -1.4069552126618985,
    -1.4069085306549496,
    -1.4068629064234655,
    -1.4068182938605507,
    -1.4067746766271165,
    -1.406731944697772,
    -1.406690085091131,
    -1.4066490289129827,
    -1.4066088001421606,
    -1.4065694196393435,
    -1.4065307155272544,
    -1.4064927782150394,
    -1.4064556669060284,
    -1.40641907284372,
    -1.4063831014806734,
    -1.4063478325171714,
    -1.4063131934374398,
    -1.406279190646732,
    -1.4062456365140272,
    -1.4062126155874992,
    -1.4061801676219783,
    -1.4061482152038378,
    -1.406114839877048,
    -1.4060534673775937,
    -1.4059369464399147,
    -1.4057169681262929,
    -1.4053878095227232,
    -1.4049844393004527,
    -1.4045487745399263,
    -1.404119206501826,
    -1.4037172960880373,
    -1.4033401181257388,
    -1.402963980328056,
    -1.402552694545504,
    -1.4020860759648426,
    -1.4015429021790917,
    -1.4008974327934829,
    -1.4001341641513694,
    -1.3992626544187674,
    -1.3983422931780336,
    -1.3975079944357192,
    -1.3968908778381834,
    -1.3964712422835621,
    -1.3961526839423453,
    -1.3958701883919542,
    -1.395597712862272,
    -1.3953254886150839,
    -1.3950503940386658,
    -1.394773169512076,
    -1.3944957996440557,
    -1.3942197194857762,
    -1.3939443093055786,
    -1.3936703763332978,
    -1.3933997870256385,
    -1.3931302960118834,
    -1.392859953105653,
    -1.3925894768665734,
    -1.3923188301776883,
    -1.3920461085710616,
    -1.3917733406492332,
    -1.3915031259369401,
    -1.3912336430754042,
    -1.3909663910264194,
    -1.3907044284560428,
    -1.390448304716061,
    -1.3901992728184316,
    -1.3899615391735434,
    -1.3897351188999776,
    -1.3895207056030958,
    -1.3893188515107342,
    -1.389128793237023,
    -1.3889499369056828,
    -1.3887807094562972,
    -1.3886194773784872,
    -1.3884662717755873,
    -1.3883203225030376,
    -1.388180845897946,
    -1.3880475736659514,
    -1.387920352244934,
    -1.3877982022267155,
    -1.3876811916363987,
    -1.3875690159489154,
    -1.3874612011675669,
    -1.3873580472584794,
    -1.387259111333182,
    -1.3871643309971053,
    -1.3870727799996856,
    -1.3869844115104049,
    -1.386899199605016,
    -1.3868169477986327,
    -1.386737270435924,
    -1.3866598150994955,
    -1.3865845558336247,
    -1.3865113015732513,
    -1.3864400988562855,
    -1.3863699745255218,
    -1.386301691461236,
    -1.3862343852421815,
    -1.3861685573850746,
    -1.3861037607021407,
    -1.3860402253664543,
    -1.3859772712919733,
    -1.3859155277637671,
    -1.3858545690236088,
    -1.3857940943764324,
    -1.3857342177401655,
    -1.3856750621185192,
    -1.385616562820139,
    -1.3855588038102216,
    -1.385501682667446,
    -1.385445121507502,
    -1.385389109082026,
    -1.3853337489478017,
    -1.385278224509804,
    -1.3852230236737926,
    -1.3851680188655815,
    -1.3851132486085929,
    -1.3850591468260727,
    -1.3850057053944724,
    -1.384953064352273,
    -1.3849010587778927,
    -1.3848497568987101,
    -1.3847997491175694,
    -1.3847505438509282,
    -1.3847024916280775,
    -1.3846544765803783,
    -1.38460723155255,
    -1.3845607173571697,
    -1.384515210699299,
    -1.3844704462118937,
    -1.3844270427010408,
    -1.384385053453935,
    -1.3843442875591505,
    -1.3843048719903661,
    -1.3842668218530094,
    -1.384229824072736,
    -1.384193823454194,
    -1.3841594506351251,
    -1.3841263612752392,
    -1.384095016685349,
    -1.3840646236251009,
    -1.3840348376500071,
    -1.3840060406957138,
    -1.3839785747415068,
    -1.3839516818967392,
    -1.3839257937166964,
    -1.3839008274848903,
    -1.3838766816487327,
    -1.3838534568622751,
    -1.3838309864133282,
    -1.3838093533311289,
    -1.383788420086017,
    -1.3837680504944159,
    -1.38374837194225,
    -1.3837293765260714,
    -1.3837112502824502,
    -1.3836937865365095,
    -1.3836766882687714,
    -1.3836601523462735,
    -1.383644081157535,
    -1.3836287533234137,
    -1.3836139962559308,
    -1.383599547377797,
    -1.3835855094326968,
    -1.3835717660977467,
    -1.3835585893960884,
    -1.3835457801579718,
    -1.3835331644028024,
    -1.3835208325301636,
    -1.3835089417442854,
    -1.3834974195413063
  ],
  "n_iter": 200,
  "W_frobenius": 5.479026532156467,
  "W_hash": 30.01973174007452
}