{
  "tag": "mne_gpu_seed0_chunkfull_n60",
  "dataset": "mne",
  "device": "gpu",
  "seed": 0,
  "chunk_size": null,
  "max_iter": 200,
  "data_shape": [
    59,
    166800
  ],
  "n_comp": 60,
  "wall_total_s": 4.907334089279175,
  "jit_compile_s": 0.49614236399065703,
  "steady_per_iter_ms": 13.6492716534743,
  "steady_total_s": 2.7162050590413855,
  "peak_rss_gb": 2.1183929443359375,
  "rss_delta_gb": 1.3784065246582031,
  "peak_gpu_mem_gb": 0.9606578350067139,
  "ll_first": -1.4309774008930078,
  "ll_final": -1.3379612763303033,
  "ll_trajectory": [
    -1.4309774008930078,
    -1.3934930944841821,
    -1.387337146244402,
    -1.3859945612070226,
    -1.3854506481248252,
    -1.3851161488097594,
    -1.38485812319022,
    -1.3846366320206511,
    -1.38443704985299,
    -1.3842530820598207,
    -1.3840811736966596,
    -1.3839182288276215,
    -1.3837631680042093,
    -1.3836151327470794,
    -1.3834726042621834,
    -1.3833351186631213,
    -1.383202062929121,
    -1.3830728897675175,
    -1.3829472937234555,
    -1.3828261166107612,
    -1.3827075776910869,
    -1.3825914938678174,
    -1.3824776355906587,
    -1.3823658013094677,
    -1.382257333069451,
    -1.382151797170589,
    -1.3820488054522797,
    -1.3819472305379057,
    -1.381847115281015,
    -1.3817482653384348,
    -1.381650445713551,
    -1.3815534660969548,
    -1.3814574847979697,
    -1.3813622849149556,
    -1.381268016594424,
    -1.3811745588980433,
    -1.3810828582697638,
    -1.3809918606485736,
    -1.3809017964742876,
    -1.3808122703641408,
    -1.3807233764312317,
    -1.380634892906018,
    -1.38054675024225,
    -1.3804587862124182,
    -1.3803711264615834,
    -1.3802838821904873,
    -1.3801968556477884,
    -1.3801099641862553,
    -1.3800233424253328,
    -1.379936921844677,
    -1.379850750433327,
    -1.3797381547329826,
    -1.3795254233375764,
    -1.379109201328938,
    -1.378276906618766,
    -1.3768912927342325,
    -1.37488935995121,
    -1.3722123013905176,
    -1.3689007671658748,
    -1.3654142772695421,
    -1.3627499130339538,
    -1.3611024413329034,
    -1.3600173009188121,
    -1.3592133856409034,
    -1.3585032566538746,
    -1.3578007444996196,
    -1.3570710595545838,
    -1.3563017096267604,
    -1.3554983307573285,
    -1.3547095476763844,
    -1.3539845035484082,
    -1.3533400532214805,
    -1.3527500285006813,
    -1.3521846320163955,
    -1.3516276795279492,
    -1.3510755974531665,
    -1.3505291688157952,
    -1.3499944678541445,
    -1.3494872206642483,
    -1.349023700067727,
    -1.3486166134607989,
    -1.348266131736029,
    -1.347965378635127,
    -1.3477016896116782,
    -1.3474641281944812,
    -1.347245292171696,
    -1.3470391547355738,
    -1.3468394869388434,
    -1.346642527314263,
    -1.346446008300964,
    -1.3462489286881998,
    -1.3460500861877853,
    -1.3458495100252954,
    -1.3456472504446366,
    -1.3454430566200914,
    -1.3452385774124025,
    -1.3450348684372415,
    -1.3448343525750313,
    -1.3446371526971936,
    -1.344445163232042,
    -1.3442586711553157,
    -1.3440788078037134,
    -1.3439039925436844,
    -1.343734506625529,
    -1.3435687757865027,
    -1.3434072378311237,
    -1.3432505106373933,
    -1.3430982606124535,
    -1.3429509610863413,
    -1.3428106342652577,
    -1.3426771855931063,
    -1.342550780990622,
    -1.3424318965317432,
    -1.3423206998793171,
    -1.342217272102,
    -1.3421209678540644,
    -1.3420316263638767,
    -1.341948671335899,
    -1.3418719014266045,
    -1.341800456703053,
    -1.3417328199947787,
    -1.3416689777743764,
    -1.3416080795466518,
    -1.341549810497011,
    -1.3414938967744559,
    -1.3414402539679469,
    -1.3413883383854468,
    -1.3413378933562041,
    -1.3412888853355809,
    -1.3412412200463937,
    -1.3411944635594146,
    -1.3411490181459302,
    -1.3411044958231266,
    -1.3410612439870193,
    -1.3410186192640767,
    -1.3409768209182003,
    -1.3409357779754738,
    -1.340895261614585,
    -1.340855492721425,
    -1.3408164423111557,
    -1.3407779477030115,
    -1.3407400060477446,
    -1.3407028000014036,
    -1.3406663547869544,
    -1.3406306858274335,
    -1.3405957988525292,
    -1.3405615876641273,
    -1.3405281240485862,
    -1.3404954137115983,
    -1.3404633509768933,
    -1.340431590333416,
    -1.34040002687657,
    -1.340368828305363,
    -1.340338000080543,
    -1.3403072776869862,
    -1.340276946251983,
    -1.3402470615163227,
    -1.340217569256823,
    -1.3401884517204952,
    -1.3401597022018052,
    -1.3401312545422444,
    -1.340103133873295,
    -1.340075436156099,
    -1.3400480127414591,
    -1.340020777172977,
    -1.339993824899326,
    -1.3399669680627095,
    -1.3399403575411881,
    -1.339913852032339,
    -1.3398874275865653,
    -1.339861203976519,
    -1.339834873608884,
    -1.3398087175981797,
    -1.3397829313879646,
    -1.3397569992428962,
    -1.3397309803336257,
    -1.3397047860325912,
    -1.3396782659460242,
    -1.3396513215105998,
    -1.3396239453528078,
    -1.339596035238889,
    -1.3395674597972014,
    -1.3395380440327795,
    -1.3395075472445024,
    -1.3394762921145669,
    -1.3394434314279673,
    -1.3394081788115038,
    -1.3393698775346745,
    -1.3393276205458466,
    -1.3392801546799513,
    -1.3392261896605029,
    -1.3391636264761981,
    -1.3390894977481667,
    -1.3389999675287536,
    -1.3388903095798876,
    -1.338755146241029,
    -1.3385909494905914,
    -1.3383980986877395,
    -1.3381829253073712,
    -1.3379612763303033
  ],
  "n_iter": 200,
  "W_frobenius": 7.6916792294685195,
  "W_hash": 59.16192936903745
}