{
  "_iclean": {
    "mode": "none"
  },
  "amica": {
    "time": 99.56934714317322,
    "n_iter": 790,
    "n_components": 60,
    "iclabel": {
      "brain": 0,
      "muscle": 0,
      "eye": 0,
      "heart": 0,
      "line_noise": 0,
      "channel_noise": 0,
      "other": 60,
      "brain_50pct": 0,
      "brain_70pct": 0
    },
    "kurtosis": {
      "brain_like_kurtosis": 0,
      "n_components": 60,
      "kurtosis_mean": 1086.7847789125115,
      "kurtosis_median": 1076.4833032077604,
      "kurtosis_values": [
        981.7024627057253,
        1075.9330293816993,
        1061.40907115106,
        1106.6729285512429,
        1077.959513979461,
        875.62786467131,
        1072.449821633927,
        1072.5033564520277,
        1037.9487787862126,
        1059.2228284927367,
        1050.0299591268947,
        1071.5831950387442,
        1093.660759291754,
        1116.245794823131,
        1138.0586080537453,
        1082.0697900570192,
        1026.03017796766,
        1035.1811533525115,
        1076.3626936081018,
        1065.4123068452866,
        1107.5600958071657,
        684.9423795201608,
        1320.1355827026061,
        1072.9176449650604,
        1136.2213622420686,
        1087.2174187368576,
        1115.0841801347028,
        1069.4477185145631,
        1068.1964029440792,
        961.260643443377,
        1083.642887211249,
        1092.0976835576655,
        1107.0202068699741,
        1196.7526506227807,
        1127.06838176128,
        1478.8052307890412,
        1076.4930485172965,
        996.6062076508744,
        1070.193007279776,
        1058.5021097178558,
        1081.2973579701736,
        1059.0791680430882,
        1076.4735578982245,
        1076.7691223435013,
        1135.4522165491994,
        1095.5445259360506,
        1077.9406840372899,
        880.4058159328132,
        1059.5180021091858,
        1110.846784551981,
        1086.5271572562363,
        1054.238846339273,
        1880.8767249993325,
        1076.3330678448433,
        1119.6604845295979,
        1159.6886686393655,
        1069.3553410792538,
        1109.8443717690418,
        803.8407118838176,
        1107.1651880797424
      ]
    },
    "reconstruction_error": 0.8666833384496886,
    "psd_alpha": {
      "alpha_peaked_ics": 0,
      "n_components": 60
    },
    "mir": {
      "mir": -1364.2026648995911,
      "n_components": 60
    },
    "iclean": {
      "mode": "none"
    }
  },
  "picard": {
    "time": 2009.6524574756622,
    "n_iter": 317,
    "n_components": 60,
    "iclabel": {
      "brain": 0,
      "muscle": 0,
      "eye": 0,
      "heart": 0,
      "line_noise": 0,
      "channel_noise": 0,
      "other": 12,
      "brain_50pct": 0,
      "brain_70pct": 0
    },
    "kurtosis": {
      "brain_like_kurtosis": 0,
      "n_components": 60,
      "kurtosis_mean": 12401.556358729127,
      "kurtosis_median": 5549.644052531111,
      "kurtosis_values": [
        11486.487826194058,
        13213.054656563869,
        2703.8513772624333,
        15303.666243909656,
        2944.8914075801626,
        12431.304939988568,
        2874.770680791914,
        189580.039725299,
        1911.8872181987053,
        27490.65744742081,
        9749.71287653037,
        17327.943434371136,
        13775.737780495794,
        2018.3511322079203,
        9929.659835813427,
        1928.6586474315877,
        13952.542263660163,
        10301.67428488135,
        19573.71953784325,
        2570.4746029043154,
        5506.1355589564955,
        10266.374815165833,
        7294.396676239306,
        8435.765060323823,
        88958.23665300004,
        2849.547098204258,
        9311.799832648248,
        6854.122047031534,
        3013.4828077046973,
        2694.4859223109665,
        2999.4508393436986,
        6205.148309608538,
        85453.04156712194,
        5733.269689474245,
        640.2236284160754,
        13369.770379535159,
        4656.748892933851,
        5505.917006664413,
        2901.4367911434847,
        3377.5081255180125,
        3626.886840222402,
        4255.463198470378,
        8293.957347945452,
        5864.769509970741,
        2513.2812455729536,
        4874.157049813371,
        6772.955283872025,
        4325.8605573466675,
        5104.452473943576,
        5995.164030936756,
        5919.827947814991,
        3992.519887365093,
        1875.4212784722727,
        1415.440094024607,
        1398.7179633274147,
        12338.583824827801,
        1185.5588303444727,
        160.83161736955054,
        1490.432375308269,
        5593.152546105726
      ]
    },
    "reconstruction_error": 1.995823188866491e-15,
    "psd_alpha": {
      "alpha_peaked_ics": 2,
      "n_components": 60
    },
    "mir": {
      "mir": -439.5094594102496,
      "n_components": 60
    },
    "iclean": {
      "mode": "none"
    }
  },
  "infomax": {
    "time": 521.9626929759979,
    "n_iter": 2000,
    "n_components": 60,
    "iclabel": {
      "brain": 3,
      "muscle": 0,
      "eye": 0,
      "heart": 0,
      "line_noise": 0,
      "channel_noise": 0,
      "other": 40,
      "brain_50pct": 2,
      "brain_70pct": 0
    },
    "kurtosis": {
      "brain_like_kurtosis": 0,
      "n_components": 60,
      "kurtosis_mean": 13691.839437656998,
      "kurtosis_median": 5703.701126695171,
      "kurtosis_values": [
        11155.81093504825,
        10475.587528719658,
        3070.6221231853765,
        2858.966899617858,
        12089.271484157738,
        16070.807046975206,
        2676.7702053845455,
        9704.072980681072,
        12411.519716895848,
        2324.6876349290196,
        26595.21719441801,
        2133.4292531212454,
        16624.913640861563,
        117876.66703986876,
        9137.213825470864,
        1874.1831087951937,
        175254.50424473503,
        2282.336563329005,
        8529.354868810236,
        5322.392350533952,
        13241.645475407438,
        4077.7170372278783,
        10116.995459451022,
        10174.407720997438,
        19829.791574306033,
        5223.629064157709,
        2789.6866404757293,
        7331.636033453536,
        7608.807239219947,
        92220.91615364523,
        1975.5334195171079,
        6049.630665197355,
        13753.365246796304,
        6092.097727970588,
        6069.1422774751845,
        5577.625950628317,
        3890.626491149862,
        13160.871795511885,
        52063.63333661318,
        5011.010665468267,
        4203.728446798792,
        8066.8919494219945,
        4027.9460112626575,
        2442.220359065972,
        2787.7139707239444,
        6033.628775444915,
        5829.776302762026,
        3779.3739795086535,
        4407.104751498909,
        4529.830337300466,
        3233.110538714951,
        4754.621488331264,
        1580.0245357179272,
        6423.45354811896,
        2570.2316874509997,
        354.7944758219373,
        1726.1894589586964,
        13295.831184586199,
        1611.0379840989494,
        5125.757853623207
      ]
    },
    "reconstruction_error": 1.9977131371717787e-15,
    "psd_alpha": {
      "alpha_peaked_ics": 0,
      "n_components": 60
    },
    "mir": {
      "mir": -586.5937092608931,
      "n_components": 60
    },
    "iclean": {
      "mode": "none"
    }
  }
}