{
  "_iclean": {
    "mode": "none"
  },
  "amica": {
    "time": 146.04100251197815,
    "n_iter": 2000,
    "n_components": 60,
    "iclabel": {
      "brain": 1,
      "muscle": 0,
      "eye": 0,
      "heart": 0,
      "line_noise": 0,
      "channel_noise": 0,
      "other": 55,
      "brain_50pct": 1,
      "brain_70pct": 1
    },
    "kurtosis": {
      "brain_like_kurtosis": 0,
      "n_components": 60,
      "kurtosis_mean": 1883.3363029424766,
      "kurtosis_median": 1769.1890018967993,
      "kurtosis_values": [
        53.545524415990165,
        1873.2450353078912,
        42.73740489485082,
        2339.989342177146,
        505.4237431383886,
        1168.796097621082,
        766.7637653276414,
        2844.5761582786567,
        1833.7175483739215,
        1473.973554771248,
        2673.7273265188633,
        2034.3167252028861,
        1498.8485372665334,
        2392.511475491362,
        2224.2205807033743,
        4173.0674878233785,
        2106.084772555276,
        1633.7555878401092,
        3014.6133884411393,
        3931.4753169343185,
        2078.4798896963507,
        899.1701429340364,
        2457.7444448543956,
        1397.702054997243,
        1750.3532731655894,
        2886.870896749734,
        2028.689385232994,
        2152.2200087536203,
        2462.685430873634,
        1460.9765093757544,
        1981.813712763517,
        2108.9278178224577,
        1172.3673883966246,
        2966.719167315953,
        1175.7453793625768,
        2408.9696279845493,
        1724.9124929586374,
        1662.2191170510152,
        5764.837117564686,
        1095.3005062547047,
        1591.6391592251325,
        1076.5557171276394,
        1277.237379775178,
        976.4478509184044,
        1788.024730628009,
        2594.915050703163,
        1330.099167533555,
        1403.8279282540566,
        2253.9189261002475,
        1204.7185491086423,
        1527.1635081175825,
        2378.1774693031152,
        2114.76323642329,
        1405.2355843321259,
        2701.7970783890983,
        1314.674144481687,
        1478.048505209737,
        1454.2356249485292,
        1917.410230273726,
        989.1945985035405
      ]
    },
    "reconstruction_error": 7.17921288783494e-15,
    "psd_alpha": {
      "alpha_peaked_ics": 0,
      "n_components": 60
    },
    "mir": {
      "mir": -361.91186385506444,
      "n_components": 60
    },
    "iclean": {
      "mode": "none"
    }
  },
  "picard": {
    "time": 1245.84037899971,
    "n_iter": 408,
    "n_components": 60,
    "iclabel": {
      "brain": 7,
      "muscle": 0,
      "eye": 0,
      "heart": 0,
      "line_noise": 0,
      "channel_noise": 0,
      "other": 43,
      "brain_50pct": 4,
      "brain_70pct": 3
    },
    "kurtosis": {
      "brain_like_kurtosis": 1,
      "n_components": 60,
      "kurtosis_mean": 9907.63073662872,
      "kurtosis_median": 6542.851382369436,
      "kurtosis_values": [
        12.642490555204473,
        3.1728764297476477,
        9560.11232417636,
        51.96048085907957,
        24196.838891088046,
        225.7696747746582,
        1164.1044994162203,
        11032.065888622757,
        6694.963808632801,
        10529.063042820415,
        30328.474744961826,
        2763.262616498875,
        38018.4213083728,
        17918.252090892613,
        9385.78837931116,
        36742.281393695564,
        24077.346291064252,
        5015.360106534082,
        13178.821821078149,
        7110.718798483168,
        25986.017351665876,
        23034.532106555507,
        4901.201208720166,
        3407.155257771422,
        8757.939117171274,
        55464.1514192991,
        13239.746416492988,
        19589.535267385225,
        5961.149705349805,
        273.9227937601295,
        3273.6854004856373,
        8909.459518506008,
        6020.131542768681,
        6390.73895610607,
        2485.8444169958375,
        421.8420468560952,
        1616.3224931703858,
        1429.8124853648324,
        7605.89083596256,
        4618.220654146257,
        4210.862159195491,
        7356.68042808471,
        7478.997239672401,
        7730.865683375486,
        5225.476029816692,
        24024.05566282195,
        8130.288768732671,
        4353.623374762336,
        2010.6524116847722,
        1536.0187451901127,
        8852.512443445203,
        2862.9357979336696,
        1858.5821145935681,
        23353.366918736047,
        1183.8537448976879,
        3004.9052963459876,
        13726.181183557499,
        7748.179425493098,
        5646.749963120011,
        2766.3362834620775
      ]
    },
    "reconstruction_error": 3.188506806072773e-15,
    "psd_alpha": {
      "alpha_peaked_ics": 4,
      "n_components": 60
    },
    "mir": {
      "mir": -273.8282356157118,
      "n_components": 60
    },
    "iclean": {
      "mode": "none"
    }
  },
  "infomax": {
    "time": 341.6462664604187,
    "n_iter": 2000,
    "n_components": 60,
    "iclabel": {
      "brain": 9,
      "muscle": 0,
      "eye": 0,
      "heart": 0,
      "line_noise": 0,
      "channel_noise": 0,
      "other": 39,
      "brain_50pct": 6,
      "brain_70pct": 2
    },
    "kurtosis": {
      "brain_like_kurtosis": 1,
      "n_components": 60,
      "kurtosis_mean": 8937.965785913082,
      "kurtosis_median": 6444.263846927616,
      "kurtosis_values": [
        12.699808673610265,
        3.6095684379030812,
        8084.882748658884,
        52.319503494978015,
        227.51544706729484,
        1107.4413219315602,
        20184.748195121054,
        7032.150457018606,
        2485.9786160430012,
        6031.333087514904,
        11441.815028580517,
        9101.340555841402,
        16568.746201047798,
        34280.66250555154,
        7729.000726980539,
        6185.031104417367,
        23938.07216559134,
        2988.2400997990535,
        47760.922200316214,
        12017.409213663455,
        330.68485041612314,
        4477.747905724027,
        6569.995723519157,
        8913.964260114275,
        4371.126445782033,
        25014.191516024704,
        21948.866034428072,
        5468.607531906578,
        6231.997743192256,
        22730.467346244805,
        3644.5276091028722,
        17149.77688444385,
        2231.6437801694965,
        796.1366793824056,
        6838.989658547207,
        16536.823645313445,
        5068.650531431665,
        8602.549999685616,
        17371.09874268289,
        3397.577272154773,
        9193.017422746572,
        5667.840113962898,
        2139.337593372212,
        8273.295013209487,
        6375.842517773926,
        3022.7149478929514,
        21709.61431084373,
        2099.112946081712,
        6512.685176081306,
        9245.560489070622,
        11011.481693960231,
        2934.5788566053016,
        3804.500540179182,
        4414.876186214395,
        5088.271903041601,
        6788.619267014078,
        1485.6750471019247,
        12945.849735167172,
        6854.716768832261,
        1781.0139096160026
      ]
    },
    "reconstruction_error": 6.933129860336638e-15,
    "psd_alpha": {
      "alpha_peaked_ics": 2,
      "n_components": 60
    },
    "mir": {
      "mir": -411.5835212930812,
      "n_components": 60
    },
    "iclean": {
      "mode": "none"
    }
  }
}