{
  "_iclean": {
    "mode": "none"
  },
  "amica": {
    "time": 11.984238862991333,
    "n_iter": 73,
    "n_components": 60,
    "iclabel": {
      "brain": 1,
      "muscle": 0,
      "eye": 0,
      "heart": 0,
      "line_noise": 0,
      "channel_noise": 0,
      "other": 57,
      "brain_50pct": 1,
      "brain_70pct": 0
    },
    "kurtosis": {
      "brain_like_kurtosis": 0,
      "n_components": 60,
      "kurtosis_mean": 431.65821789367834,
      "kurtosis_median": 401.5278038284829,
      "kurtosis_values": [
        531.3238379795152,
        384.91687053521343,
        224.69650080561695,
        204.13235289589647,
        315.0413457738147,
        409.0139446442143,
        734.338454265455,
        419.3834956668075,
        635.0784187030087,
        678.1487545083971,
        380.9010807707857,
        465.27350733568284,
        365.14785950898,
        421.640892533852,
        470.1754583984525,
        497.0588128393341,
        499.84835209591023,
        557.9601619369017,
        930.6054507504164,
        431.60591558055876,
        544.8335215312406,
        367.7434802999362,
        476.9187211736168,
        286.6913921499523,
        454.1559714143586,
        469.2576788939903,
        504.4605571353838,
        394.873007906063,
        329.1159105233028,
        270.418965144741,
        272.8718145203202,
        532.3049643567057,
        350.53821640102257,
        275.8472782146159,
        309.79603593346485,
        261.82194252241345,
        493.3405230774432,
        473.523869829945,
        434.79257970663105,
        364.3563189694337,
        582.5686359265668,
        310.7557644448219,
        315.46557532858213,
        429.46785604348634,
        408.18259975090274,
        283.64081279920583,
        546.2978945028207,
        347.24091576509545,
        352.04007204609746,
        341.6620710672216,
        333.469219536571,
        276.92205217586326,
        332.7338174375186,
        360.6173620301416,
        369.8418817090357,
        811.0694064960375,
        340.1817446434608,
        335.1731547594842,
        418.9678263986204,
        979.240193525768
      ]
    },
    "reconstruction_error": 3.942476324754247e-15,
    "psd_alpha": {
      "alpha_peaked_ics": 0,
      "n_components": 60
    },
    "mir": {
      "mir": -310.3937247577367,
      "n_components": 60
    },
    "iclean": {
      "mode": "none"
    }
  },
  "picard": {
    "time": 2661.499854326248,
    "n_iter": 490,
    "n_components": 60,
    "iclabel": {
      "brain": 6,
      "muscle": 0,
      "eye": 0,
      "heart": 0,
      "line_noise": 0,
      "channel_noise": 0,
      "other": 37,
      "brain_50pct": 4,
      "brain_70pct": 1
    },
    "kurtosis": {
      "brain_like_kurtosis": 0,
      "n_components": 60,
      "kurtosis_mean": 1622.2378143044853,
      "kurtosis_median": 1247.3998155586214,
      "kurtosis_values": [
        1784.4398993312104,
        1465.288540997184,
        3350.7105225005225,
        1553.2829878201535,
        1222.303801387539,
        2396.943673670756,
        10460.444385713825,
        4412.621486353861,
        3071.7297603858283,
        313.17219957427886,
        840.769500930379,
        1021.3405838475664,
        559.0328023754722,
        917.6965032089528,
        907.911652620275,
        565.2069817491283,
        727.363191181557,
        2935.3272743807097,
        2178.5793501907838,
        4695.008967858467,
        2204.5819629499856,
        666.4869548000152,
        1628.8679161881466,
        1877.459193466757,
        917.8225962603847,
        1285.8944438407825,
        1241.1648317366344,
        1348.6868724486346,
        1065.8810918237348,
        1877.8090582154227,
        768.9107053460148,
        1253.6347993806082,
        833.3994083214124,
        1760.0663314876024,
        975.0626811582166,
        932.241380891716,
        949.6968778028171,
        1236.9420423945548,
        776.8799692033584,
        1749.2212717631558,
        1260.8215558367967,
        927.5081670999577,
        1715.251419897677,
        1982.092691110284,
        2174.2914328021075,
        555.7598447167711,
        884.6687427189936,
        1466.8687457644583,
        680.5348669174289,
        1062.9010590130954,
        1479.9535469156608,
        578.0597715060485,
        1672.2049840494344,
        514.3581720225669,
        1288.201016879566,
        845.7028682076535,
        1689.9963261338455,
        1155.8480047502549,
        716.1372142089709,
        3953.223972159147
      ]
    },
    "reconstruction_error": 2.7692709962712493e-15,
    "psd_alpha": {
      "alpha_peaked_ics": 0,
      "n_components": 60
    },
    "mir": {
      "mir": -309.94717824929796,
      "n_components": 60
    },
    "iclean": {
      "mode": "none"
    }
  },
  "infomax": {
    "time": 475.4560911655426,
    "n_iter": 2000,
    "n_components": 60,
    "iclabel": {
      "brain": 2,
      "muscle": 0,
      "eye": 0,
      "heart": 0,
      "line_noise": 0,
      "channel_noise": 0,
      "other": 37,
      "brain_50pct": 1,
      "brain_70pct": 0
    },
    "kurtosis": {
      "brain_like_kurtosis": 0,
      "n_components": 60,
      "kurtosis_mean": 1714.4967692220303,
      "kurtosis_median": 1264.1975916794054,
      "kurtosis_values": [
        1835.7219129026307,
        1561.928965114879,
        1174.5295080498865,
        1271.0688540577933,
        3089.208726583795,
        312.607701122322,
        867.0812885068982,
        2044.0893187059207,
        1150.1874370916642,
        1093.6823405383022,
        908.2718068919955,
        573.2772827226985,
        559.8071859398958,
        733.829358048011,
        2813.980240528432,
        10401.614375230372,
        2661.3812521193577,
        2752.316865384672,
        4639.532247184835,
        710.4264901540159,
        2218.559393356892,
        1510.48264485319,
        1665.8127265662135,
        1023.0122341095037,
        1167.4965477655028,
        1464.4328074819703,
        2132.001518473535,
        1640.4111885734033,
        947.9566961498432,
        1237.4130539929606,
        988.1349345703488,
        1733.0222783882925,
        1257.3263293010175,
        1076.893662308641,
        966.1519190964639,
        1068.1888181682632,
        2249.1532416053365,
        1733.1536959905093,
        908.0477224755631,
        1875.2931645593778,
        620.9260479455181,
        2089.4196306129375,
        1024.4544945758573,
        953.1391328570105,
        849.5981936436569,
        1207.5128326262854,
        2379.0702913984087,
        1619.7190650997502,
        1623.1859389125104,
        2829.963846345279,
        1351.8872591961679,
        1071.2695825018711,
        1096.3043391016529,
        843.7688445706517,
        1184.0514576555559,
        810.0297481787164,
        1944.4979366727634,
        2948.661753399467,
        4659.92845413182,
        1744.9295692307194
      ]
    },
    "reconstruction_error": 2.1713723993654915e-15,
    "psd_alpha": {
      "alpha_peaked_ics": 0,
      "n_components": 60
    },
    "mir": {
      "mir": -458.4056331914222,
      "n_components": 60
    },
    "iclean": {
      "mode": "none"
    }
  }
}