{
  "_iclean": {
    "mode": "none"
  },
  "amica": {
    "time": 9.32808542251587,
    "n_iter": 19,
    "n_components": 60,
    "iclabel": {
      "brain": 0,
      "muscle": 0,
      "eye": 0,
      "heart": 0,
      "line_noise": 0,
      "channel_noise": 0,
      "other": 60,
      "brain_50pct": 0,
      "brain_70pct": 0
    },
    "kurtosis": {
      "brain_like_kurtosis": 0,
      "n_components": 60,
      "kurtosis_mean": 990.1434244734365,
      "kurtosis_median": 989.414982541364,
      "kurtosis_values": [
        990.0426406852694,
        989.2436833726237,
        985.1139836600032,
        982.7879153118724,
        990.0584427549659,
        988.1053951646905,
        986.565016811166,
        990.1745328677415,
        989.5124339266865,
        989.1819474656323,
        983.2755475994408,
        977.1605270987158,
        984.7057124576056,
        986.5870826013677,
        989.7763747439324,
        994.5983767234387,
        985.4650109849126,
        990.4637547942556,
        983.5171600095036,
        980.8654530604606,
        981.051216021795,
        995.3841344271905,
        981.1492431956905,
        995.567047956955,
        989.3175311560414,
        989.0799815984172,
        989.5482453448535,
        994.4595974584121,
        996.3297389211784,
        991.2364307342118,
        1092.3703354474644,
        1001.6063070413011,
        999.2162566758335,
        1003.5607317059905,
        979.2056176455411,
        989.758289908221,
        987.0956951406732,
        983.1835228550044,
        994.2111621906478,
        978.2937323973958,
        992.5545291895653,
        1000.974698776955,
        990.3544949330703,
        1002.5264275029484,
        982.6402371451951,
        996.0797022224468,
        851.3500536580738,
        999.2638690702817,
        985.8191397319108,
        981.8741232280145,
        976.7333600317604,
        986.462268619516,
        968.1908299198792,
        1007.5396692551892,
        992.6535779955744,
        985.6952112748813,
        992.294431903719,
        1073.7624833518516,
        981.5195608947632,
        1011.490989783485
      ]
    },
    "reconstruction_error": 2.285934719880482e-12,
    "psd_alpha": {
      "alpha_peaked_ics": 0,
      "n_components": 60
    },
    "mir": {
      "mir": -774.0538639695967,
      "n_components": 60
    },
    "iclean": {
      "mode": "none"
    }
  },
  "picard": {
    "time": 2491.5816190242767,
    "n_iter": 505,
    "n_components": 60,
    "iclabel": {
      "brain": 1,
      "muscle": 0,
      "eye": 0,
      "heart": 0,
      "line_noise": 0,
      "channel_noise": 0,
      "other": 41,
      "brain_50pct": 1,
      "brain_70pct": 0
    },
    "kurtosis": {
      "brain_like_kurtosis": 0,
      "n_components": 60,
      "kurtosis_mean": 6495.109547362352,
      "kurtosis_median": 2571.4160829335024,
      "kurtosis_values": [
        36.194807465873154,
        1658.9206082947696,
        472.5947102015049,
        51.18838229324809,
        171.08741834856943,
        1188.9411750617228,
        1828.811631147604,
        15946.949432256271,
        14486.760313601444,
        1247.1556790513105,
        1524.249599791827,
        13765.054516509867,
        516.715841446897,
        55341.06867395047,
        23786.34913897996,
        5171.540382170388,
        31123.28169913465,
        16714.010800772976,
        18403.86672615467,
        8909.314204686874,
        6222.523753584418,
        20089.263309071823,
        535.302967130218,
        2605.4298535265975,
        3682.5311270618004,
        2192.438125831802,
        11252.347107139287,
        2820.4390653867777,
        5808.705494809134,
        5130.045405924724,
        2537.4023123404077,
        1314.5588257905777,
        2865.683761355221,
        1170.6811681294394,
        1188.7894520465115,
        16044.53805108095,
        1115.6889286607357,
        1362.5801016209637,
        28966.816314556392,
        6439.99284390034,
        10367.343679039175,
        8136.391072216338,
        3484.7853410320313,
        725.4824731616314,
        4565.517222577709,
        904.5598240897285,
        854.0404962826369,
        4520.723746779099,
        3003.180745370728,
        407.525667121671,
        3599.6417378888846,
        3036.025471219611,
        560.1206670506831,
        1239.19027046948,
        1937.4724386942094,
        569.8844282493407,
        1978.9876429378146,
        2183.1909063186467,
        683.7865811588705,
        1258.9087198137522
      ]
    },
    "reconstruction_error": 2.4709769012665374e-15,
    "psd_alpha": {
      "alpha_peaked_ics": 0,
      "n_components": 60
    },
    "mir": {
      "mir": -338.88832860715013,
      "n_components": 60
    },
    "iclean": {
      "mode": "none"
    }
  },
  "infomax": {
    "time": 306.28345489501953,
    "n_iter": 139,
    "n_components": 60,
    "iclabel": {
      "brain": 0,
      "muscle": 0,
      "eye": 0,
      "heart": 0,
      "line_noise": 0,
      "channel_noise": 0,
      "other": 39,
      "brain_50pct": 0,
      "brain_70pct": 0
    },
    "kurtosis": {
      "brain_like_kurtosis": 0,
      "n_components": 60,
      "kurtosis_mean": 6525.065705125851,
      "kurtosis_median": 3464.4427326773693,
      "kurtosis_values": [
        36.192725358703015,
        1637.0044401748933,
        468.42916499181763,
        51.64519218895827,
        170.08582835032226,
        1204.7172340763286,
        1729.4141750874217,
        16244.202508640445,
        1246.985572938586,
        8439.440668454017,
        1469.1226720495745,
        509.65230832144607,
        25039.82793093763,
        13371.591597113738,
        4690.1348042417685,
        5692.88737478887,
        5802.460246680709,
        18025.889489733177,
        529.173456311593,
        2680.2279711553115,
        11902.36178902878,
        3666.995495503074,
        3503.701328001129,
        2637.6009710567473,
        21859.97249131962,
        2158.220488367664,
        13774.992707919015,
        14223.12014905654,
        19589.93665419167,
        3415.919262554252,
        10078.261785062003,
        1416.0002000838854,
        5267.488944682767,
        23185.166942238386,
        1197.6197163979223,
        34125.403231805125,
        11760.588325144321,
        7781.58117579303,
        2447.6406258502766,
        7714.604990298087,
        3425.1841373536095,
        1337.20560557458,
        466.2581274241894,
        720.8746182319526,
        907.1753419447786,
        5418.973442133944,
        4877.856908658904,
        1331.5881902678414,
        4220.5012815798755,
        607.8620178620482,
        21597.92778188735,
        3220.836452922329,
        8936.035189463768,
        1243.0696690205493,
        7192.017413587739,
        2976.283419775901,
        3718.811252770615,
        2931.77923466495,
        4122.911481125106,
        1504.5281053515068
      ]
    },
    "reconstruction_error": 5.3678501043542825e-15,
    "psd_alpha": {
      "alpha_peaked_ics": 0,
      "n_components": 60
    },
    "mir": {
      "mir": -488.64515412397355,
      "n_components": 60
    },
    "iclean": {
      "mode": "none"
    }
  }
}