comparator,comparator_label,n,mean,sd,ci_half,cohen_dz,t_stat,p_two_sided,wilcoxon_stat,wilcoxon_p,perm_p,p_holm,p_wilcoxon_holm
Infomax,Infomax,29,0.2561538353835885,0.33022921460879634,0.12019117033813644,0.7756849607841004,4.1771913522380455,0.00026084255141898595,0.0,3.725290298461914e-09,0.00019998000199980003,0.0007298385096156147,1.1175870895385742e-08
Picard,Picard,29,0.2581763748170635,0.3307931763438377,0.120396431465747,0.780476724673142,4.20299579049741,0.00024327950320520488,0.0,3.725290298461914e-09,0.00019998000199980003,0.0007298385096156147,1.1175870895385742e-08
FastICA,FastICA,29,0.287152856619376,0.36898308499573573,0.13429613994979425,0.778227697409746,4.190884408028284,0.00025137235106867097,0.0,3.725290298461914e-09,0.00019998000199980003,0.0007298385096156147,1.1175870895385742e-08
