{
  "runs": [
    {
      "chunk_size": null,
      "wall_s": 1562.5642080307007,
      "peak_rss_gb": 14.722965240478516,
      "n_iter": 100,
      "final_ll": 8.025467612081169
    },
    {
      "chunk_size": 1024,
      "wall_s": 1320.5565345287323,
      "peak_rss_gb": 14.722965240478516,
      "n_iter": 100,
      "final_ll": 8.005901227010966
    }
  ],
  "parity": {
    "W_rel_err": 0.30184821977021176,
    "ll_diff": 0.019566385070202585
  },
  "rss_reduction_factor": 1.0,
  "data_shape": [
    118,
    1206350
  ],
  "n_comp": 60,
  "max_iter": 100
}