{
  "amica": {
    "time": 39.72215700149536,
    "n_iter": 1107,
    "n_components": 30,
    "iclabel": {
      "brain": 0,
      "brain_50pct": 0,
      "brain_70pct": 0,
      "muscle": 0,
      "eye": 1,
      "other": 28
    },
    "kurtosis": {
      "brain_like": 0,
      "mean": 950.0510464628097,
      "median": 1084.8813830560684,
      "values": [
        1115.21275874367,
        1110.334007014824,
        1102.0794315953679,
        182.94509634933831,
        1238.8995360900717,
        320.82542922965666,
        613.0422574093823,
        1572.361661592419,
        1166.4612666232658,
        1990.1562670509998,
        75.61131571852327,
        1316.6036573060496,
        533.8812962689096,
        183.2771318753842,
        990.0080686071796,
        1102.0580303900244,
        213.22972760770182,
        1654.6446878763231,
        103.65024224708334,
        2804.302038115352,
        1067.7047357221127,
        823.7457643037727,
        1217.9563669029842,
        1113.1224153636917,
        923.9482298463234,
        1978.8346082712726,
        342.50423414525574,
        1114.927804507793,
        113.28370397440983,
        415.91962313514864
      ]
    },
    "psd_alpha": {
      "alpha_peaked_ics": 0
    },
    "mir": {
      "mir": -43.77594422251573
    },
    "reconstruction_error": 7.893436104803931e-14
  },
  "picard": {
    "time": 176.93888473510742,
    "n_iter": 71,
    "n_components": 30,
    "iclabel": {
      "brain": 1,
      "brain_50pct": 1,
      "brain_70pct": 0,
      "muscle": 0,
      "eye": 0,
      "other": 25
    },
    "kurtosis": {
      "brain_like": 1,
      "mean": 7127.00466587705,
      "median": 4330.1155619376495,
      "values": [
        12.60483685880594,
        3.677106521792422,
        52.946828088575685,
        16739.44348811175,
        6184.412637621202,
        10264.492512533741,
        221.1262840673548,
        1101.5824748046102,
        2815.556371907943,
        7468.65830415883,
        15192.208199161272,
        2233.103514944619,
        3736.1127985470216,
        7418.171405152307,
        22153.677128452407,
        7044.703635535802,
        35214.03708669798,
        6151.586182071514,
        8024.388007284975,
        19160.772624399702,
        4924.118325328277,
        2181.277491115476,
        17423.824068183527,
        2908.620951144824,
        3363.3232262189167,
        256.40295577771866,
        3057.1793126896923,
        1483.0771906248015,
        798.6550554099833,
        6220.399972896046
      ]
    },
    "psd_alpha": {
      "alpha_peaked_ics": 0
    },
    "mir": {
      "mir": -141.19881269924218
    },
    "reconstruction_error": 2.113509243842412e-15
  },
  "infomax": {
    "time": 152.00590133666992,
    "n_iter": 134,
    "n_components": 30,
    "iclabel": {
      "brain": 1,
      "brain_50pct": 1,
      "brain_70pct": 1,
      "muscle": 0,
      "eye": 0,
      "other": 25
    },
    "kurtosis": {
      "brain_like": 1,
      "mean": 5842.470526681292,
      "median": 3540.7985406022385,
      "values": [
        12.604718859174568,
        3.6764096462226403,
        18582.830499440443,
        52.911011408178005,
        4208.977524861443,
        221.14599340311298,
        1101.4317730491184,
        6639.762827168978,
        5529.9405699324125,
        3422.36157292444,
        10802.510218138861,
        19347.20654455638,
        3267.9665609165754,
        5528.9623658195615,
        2243.154261522089,
        17705.566994431814,
        7928.395581345231,
        5258.8386689424715,
        22941.47941158737,
        3937.3887253080197,
        2759.3439022576986,
        2260.549977783368,
        12804.128634156363,
        3233.485892028795,
        254.03718443310748,
        3466.390965825089,
        3615.206115379388,
        1163.116409452687,
        796.4884514992702,
        6184.256034361068
      ]
    },
    "psd_alpha": {
      "alpha_peaked_ics": 0
    },
    "mir": {
      "mir": -141.37546292155398
    },
    "reconstruction_error": 2.2326384004372114e-15
  },
  "_iclean": {
    "mode": "combo",
    "stage1": {
      "mode": "dual",
      "threshold": 0.85,
      "mean_rejected_fraction": 0.0
    },
    "stage2": {
      "mode": "pseudo",
      "threshold": 0.9,
      "mean_rejected_fraction": 0.0
    },
    "segment_len_sec": 2.0
  },
  "_config": {
    "subject": "sub-01",
    "hp": 1.0,
    "iclean": "combo"
  }
}