{
  "amica": {
    "time": 69.84871125221252,
    "n_iter": 2000,
    "n_components": 30,
    "iclabel": {
      "brain": 1,
      "brain_50pct": 1,
      "brain_70pct": 0,
      "muscle": 0,
      "eye": 0,
      "other": 26
    },
    "kurtosis": {
      "brain_like": 1,
      "mean": 2343.012719631642,
      "median": 2084.3979132052045,
      "values": [
        1746.1652549311284,
        2099.368536705256,
        1866.6722520129874,
        1913.1912771048028,
        1727.1727067172465,
        2340.2816727493146,
        3164.585067177043,
        2039.0970881930532,
        3601.794714907791,
        2069.4272897051533,
        1627.463470021496,
        7.100455967563901,
        2412.827983509896,
        4514.835721654354,
        2433.3213219092613,
        2427.747506166899,
        3167.581223974849,
        1534.7959836226921,
        10095.181550313167,
        2660.092088824841,
        1302.9362913083608,
        801.6271378810737,
        2267.8294714146964,
        3025.2740194664057,
        1721.824623256051,
        2053.5750965296374,
        312.99788856180714,
        3047.085935304642,
        2286.0621412651726,
        22.465817792626016
      ]
    },
    "psd_alpha": {
      "alpha_peaked_ics": 0
    },
    "mir": {
      "mir": -6.047315927166238
    },
    "reconstruction_error": 1.6804708864264316e-15
  },
  "picard": {
    "time": 176.3692901134491,
    "n_iter": 71,
    "n_components": 30,
    "iclabel": {
      "brain": 1,
      "brain_50pct": 1,
      "brain_70pct": 0,
      "muscle": 0,
      "eye": 0,
      "other": 25
    },
    "kurtosis": {
      "brain_like": 1,
      "mean": 7127.00466587705,
      "median": 4330.1155619376495,
      "values": [
        12.60483685880594,
        3.677106521792422,
        52.946828088575685,
        16739.44348811175,
        6184.412637621202,
        10264.492512533741,
        221.1262840673548,
        1101.5824748046102,
        2815.556371907943,
        7468.65830415883,
        15192.208199161272,
        2233.103514944619,
        3736.1127985470216,
        7418.171405152307,
        22153.677128452407,
        7044.703635535802,
        35214.03708669798,
        6151.586182071514,
        8024.388007284975,
        19160.772624399702,
        4924.118325328277,
        2181.277491115476,
        17423.824068183527,
        2908.620951144824,
        3363.3232262189167,
        256.40295577771866,
        3057.1793126896923,
        1483.0771906248015,
        798.6550554099833,
        6220.399972896046
      ]
    },
    "psd_alpha": {
      "alpha_peaked_ics": 0
    },
    "mir": {
      "mir": -141.19881269924218
    },
    "reconstruction_error": 2.113509243842412e-15
  },
  "infomax": {
    "time": 150.89216470718384,
    "n_iter": 134,
    "n_components": 30,
    "iclabel": {
      "brain": 1,
      "brain_50pct": 1,
      "brain_70pct": 1,
      "muscle": 0,
      "eye": 0,
      "other": 25
    },
    "kurtosis": {
      "brain_like": 1,
      "mean": 5842.470526681292,
      "median": 3540.7985406022385,
      "values": [
        12.604718859174568,
        3.6764096462226403,
        18582.830499440443,
        52.911011408178005,
        4208.977524861443,
        221.14599340311298,
        1101.4317730491184,
        6639.762827168978,
        5529.9405699324125,
        3422.36157292444,
        10802.510218138861,
        19347.20654455638,
        3267.9665609165754,
        5528.9623658195615,
        2243.154261522089,
        17705.566994431814,
        7928.395581345231,
        5258.8386689424715,
        22941.47941158737,
        3937.3887253080197,
        2759.3439022576986,
        2260.549977783368,
        12804.128634156363,
        3233.485892028795,
        254.03718443310748,
        3466.390965825089,
        3615.206115379388,
        1163.116409452687,
        796.4884514992702,
        6184.256034361068
      ]
    },
    "psd_alpha": {
      "alpha_peaked_ics": 0
    },
    "mir": {
      "mir": -141.37546292155398
    },
    "reconstruction_error": 2.2326384004372114e-15
  },
  "_iclean": {
    "mode": "pseudo",
    "threshold": 0.95,
    "segment_len_sec": 2.0,
    "mean_rejected_fraction": 0.0,
    "reference": "pseudo-reference (5-45 Hz band-stop of scalp)"
  },
  "_config": {
    "subject": "sub-01",
    "hp": 1.0,
    "iclean": "pseudo"
  }
}