{
  "amica": {
    "time": 70.70921969413757,
    "n_iter": 2000,
    "n_components": 30,
    "iclabel": {
      "brain": 1,
      "brain_50pct": 1,
      "brain_70pct": 0,
      "muscle": 0,
      "eye": 0,
      "other": 26
    },
    "kurtosis": {
      "brain_like": 1,
      "mean": 2342.983190202606,
      "median": 2084.182505175513,
      "values": [
        1746.2382814134612,
        2099.3147065884423,
        1866.777178430288,
        1912.9396399981222,
        1727.0809753484912,
        2340.302712326185,
        3164.9961644475675,
        2039.1117709629875,
        3601.4577394660355,
        2069.0503037625836,
        1628.8737229773033,
        7.0973573192749715,
        2412.154743343182,
        4517.145402115871,
        2433.6386530598697,
        2430.517829295157,
        3165.43423862702,
        1524.0288373827116,
        10099.326787577687,
        2660.79301500273,
        1302.954538857604,
        802.4657368709596,
        2267.2894844840207,
        3025.1199336528143,
        1722.1251615425033,
        2053.315691444915,
        312.95784428408274,
        3048.7500436094583,
        2285.7668963301594,
        22.47031555668524
      ]
    },
    "psd_alpha": {
      "alpha_peaked_ics": 0
    },
    "mir": {
      "mir": -6.012950381480977
    },
    "reconstruction_error": 1.6370536047311031e-15
  },
  "picard": {
    "time": 179.1595332622528,
    "n_iter": 71,
    "n_components": 30,
    "iclabel": {
      "brain": 1,
      "brain_50pct": 1,
      "brain_70pct": 0,
      "muscle": 0,
      "eye": 0,
      "other": 25
    },
    "kurtosis": {
      "brain_like": 1,
      "mean": 7127.00466587705,
      "median": 4330.1155619376495,
      "values": [
        12.60483685880594,
        3.677106521792422,
        52.946828088575685,
        16739.44348811175,
        6184.412637621202,
        10264.492512533741,
        221.1262840673548,
        1101.5824748046102,
        2815.556371907943,
        7468.65830415883,
        15192.208199161272,
        2233.103514944619,
        3736.1127985470216,
        7418.171405152307,
        22153.677128452407,
        7044.703635535802,
        35214.03708669798,
        6151.586182071514,
        8024.388007284975,
        19160.772624399702,
        4924.118325328277,
        2181.277491115476,
        17423.824068183527,
        2908.620951144824,
        3363.3232262189167,
        256.40295577771866,
        3057.1793126896923,
        1483.0771906248015,
        798.6550554099833,
        6220.399972896046
      ]
    },
    "psd_alpha": {
      "alpha_peaked_ics": 0
    },
    "mir": {
      "mir": -141.19881269924218
    },
    "reconstruction_error": 2.113509243842412e-15
  },
  "infomax": {
    "time": 154.15802311897278,
    "n_iter": 134,
    "n_components": 30,
    "iclabel": {
      "brain": 1,
      "brain_50pct": 1,
      "brain_70pct": 1,
      "muscle": 0,
      "eye": 0,
      "other": 25
    },
    "kurtosis": {
      "brain_like": 1,
      "mean": 5842.470526681292,
      "median": 3540.7985406022385,
      "values": [
        12.604718859174568,
        3.6764096462226403,
        18582.830499440443,
        52.911011408178005,
        4208.977524861443,
        221.14599340311298,
        1101.4317730491184,
        6639.762827168978,
        5529.9405699324125,
        3422.36157292444,
        10802.510218138861,
        19347.20654455638,
        3267.9665609165754,
        5528.9623658195615,
        2243.154261522089,
        17705.566994431814,
        7928.395581345231,
        5258.8386689424715,
        22941.47941158737,
        3937.3887253080197,
        2759.3439022576986,
        2260.549977783368,
        12804.128634156363,
        3233.485892028795,
        254.03718443310748,
        3466.390965825089,
        3615.206115379388,
        1163.116409452687,
        796.4884514992702,
        6184.256034361068
      ]
    },
    "psd_alpha": {
      "alpha_peaked_ics": 0
    },
    "mir": {
      "mir": -141.37546292155398
    },
    "reconstruction_error": 2.2326384004372114e-15
  },
  "_iclean": {
    "mode": "dual",
    "threshold": 0.85,
    "segment_len_sec": 2.0,
    "mean_rejected_fraction": 0.0,
    "reference": "dual-layer noise electrodes"
  },
  "_config": {
    "subject": "sub-01",
    "hp": 1.0,
    "iclean": "dual"
  }
}