{
  "_iclean": {
    "mode": "dual",
    "threshold": 0.85,
    "segment_len_sec": 2.0,
    "mean_rejected_fraction": 0.0,
    "reference": "dual-layer noise electrodes"
  },
  "amica": {
    "time": 228.80436515808105,
    "n_iter": 2000,
    "n_components": 60,
    "iclabel": {
      "brain": 6,
      "muscle": 0,
      "eye": 0,
      "heart": 0,
      "line_noise": 0,
      "channel_noise": 0,
      "other": 39,
      "brain_50pct": 3,
      "brain_70pct": 0
    },
    "kurtosis": {
      "brain_like_kurtosis": 0,
      "n_components": 60,
      "kurtosis_mean": 2381.143555361282,
      "kurtosis_median": 1466.812227411158,
      "kurtosis_values": [
        359.30114459094165,
        1267.9076395653633,
        1282.9218736424032,
        1640.584123481553,
        1005.5458054020365,
        3570.8856339800645,
        2726.7857316285626,
        2799.1585704339277,
        41339.99431256791,
        849.0302460173142,
        2663.869866115365,
        1104.0570168382467,
        2264.3940650931,
        2215.81281018282,
        1878.4599243719983,
        1758.8365591949014,
        3599.704620246971,
        1622.0449643884876,
        1974.9429640243911,
        1220.0149662525232,
        2383.0440183102382,
        1470.112673384164,
        2481.8894315106827,
        2509.574455683802,
        3285.1814499278134,
        1222.7442858579507,
        2790.8764152498734,
        2059.043081580368,
        2480.1859118768957,
        2797.901020983396,
        2920.7840438444555,
        1030.4644172221897,
        764.360072437249,
        1195.9741169158629,
        2120.7858354692657,
        998.4878453689417,
        1156.8650839906632,
        1430.6408902999708,
        1904.0400459815498,
        1466.2051620322593,
        1467.4192927900563,
        1394.8939869430772,
        1061.732857628184,
        934.8056292871544,
        1035.3167905651942,
        1241.7718894514467,
        1055.6927190853169,
        3396.895607881462,
        1427.0796027118506,
        1913.7618999888332,
        1358.9992769422595,
        1568.8158278926778,
        909.073426523634,
        1421.9557709390763,
        1682.4206016677342,
        1290.2073955454982,
        1022.0520332066701,
        1008.665030336422,
        1179.0873332401652,
        884.5532531037062
      ]
    },
    "reconstruction_error": 3.242457318254856e-14,
    "psd_alpha": {
      "alpha_peaked_ics": 0,
      "n_components": 60
    },
    "mir": {
      "mir": -395.71949284983543,
      "n_components": 60
    },
    "iclean": {
      "mode": "dual",
      "threshold": 0.85,
      "segment_len_sec": 2.0,
      "mean_rejected_fraction": 0.0,
      "reference": "dual-layer noise electrodes"
    }
  },
  "picard": {
    "time": 2637.658902645111,
    "n_iter": 479,
    "n_components": 60,
    "iclabel": {
      "brain": 5,
      "muscle": 0,
      "eye": 0,
      "heart": 0,
      "line_noise": 0,
      "channel_noise": 0,
      "other": 41,
      "brain_50pct": 4,
      "brain_70pct": 0
    },
    "kurtosis": {
      "brain_like_kurtosis": 0,
      "n_components": 60,
      "kurtosis_mean": 8298.668290888756,
      "kurtosis_median": 2982.2368430504894,
      "kurtosis_values": [
        25.702766044093327,
        26.406378464146236,
        23.862021750880746,
        12700.490307197926,
        1004.8595771131211,
        229.94417422569617,
        13463.458833210414,
        1338.0503773888292,
        10445.244815805048,
        829.0950394948027,
        1404.5981402802377,
        553.9641084514483,
        16213.926444047818,
        2707.5193430481036,
        1378.7758879659698,
        2941.7401996424746,
        108676.56917992172,
        18527.66917454442,
        11591.121933525797,
        2700.9633245446166,
        3358.786505489395,
        8337.26447994046,
        21082.04838543817,
        1386.0915258925438,
        21888.366713409105,
        5543.592600959758,
        11072.422313984312,
        10002.957035804044,
        1039.1891987108415,
        26225.302656656044,
        14244.710941211302,
        627.0642654915148,
        6779.308777022908,
        6359.147172223154,
        10729.82284411365,
        692.2122028399637,
        937.3093596282309,
        2690.166365605428,
        765.014547728198,
        4770.5389263132365,
        2152.957459175592,
        8979.642031931251,
        4566.81123570789,
        46312.5721853385,
        15167.053537984299,
        7931.011007622886,
        1612.2246687163745,
        9314.203733322041,
        1655.8395038789884,
        1809.2835401297311,
        2858.1235874323943,
        2460.340747797724,
        3022.733486458504,
        8517.078019556797,
        4995.350886426533,
        897.9763788415988,
        1619.407818740681,
        2399.0481485948644,
        4360.381832118276,
        1972.7787984205568
      ]
    },
    "reconstruction_error": 1.9241400924503827e-15,
    "psd_alpha": {
      "alpha_peaked_ics": 0,
      "n_components": 60
    },
    "mir": {
      "mir": -290.863794730127,
      "n_components": 60
    },
    "iclean": {
      "mode": "dual",
      "threshold": 0.85,
      "segment_len_sec": 2.0,
      "mean_rejected_fraction": 0.0,
      "reference": "dual-layer noise electrodes"
    }
  },
  "infomax": {
    "time": 443.6516590118408,
    "n_iter": 186,
    "n_components": 60,
    "iclabel": {
      "brain": 3,
      "muscle": 0,
      "eye": 0,
      "heart": 0,
      "line_noise": 0,
      "channel_noise": 0,
      "other": 42,
      "brain_50pct": 1,
      "brain_70pct": 0
    },
    "kurtosis": {
      "brain_like_kurtosis": 0,
      "n_components": 60,
      "kurtosis_mean": 8604.527735369114,
      "kurtosis_median": 6565.744805138755,
      "kurtosis_values": [
        27.511593891751275,
        26.994377308050616,
        24.387848377517763,
        10004.714698280397,
        1070.0467029924544,
        1473.9794795990792,
        3383.0554206701995,
        10528.314873599196,
        225.35885862033354,
        1309.3414330356104,
        691.5336985298939,
        3366.0352315462,
        3267.03624001711,
        2949.395165239055,
        101010.12053524812,
        10088.865926039354,
        1533.6182535931912,
        13878.3728646626,
        10456.070020556279,
        7141.773750161671,
        1202.3201664060607,
        13161.720830335755,
        2732.37472678397,
        3386.925020840958,
        20455.111834066163,
        8726.631230288342,
        10812.678603038996,
        12890.29344788894,
        8929.632679598286,
        752.3744133457845,
        10747.695387795895,
        6835.451792204227,
        8885.097639564608,
        8570.292570889205,
        17323.667840392205,
        904.4304124696629,
        2715.124614692324,
        993.0571068123801,
        1360.37720495176,
        10551.717324809286,
        3064.2527475243614,
        5447.424140338246,
        17279.411077939298,
        7165.275529671343,
        13786.69593356009,
        3802.0512969611013,
        8736.101097655419,
        10259.23119482325,
        9423.153496628684,
        43666.755364683384,
        10320.51141870475,
        6764.506388299777,
        2566.5640797904493,
        5058.851907563808,
        1570.7846399307828,
        967.3266505648877,
        6874.572871661529,
        5191.288116265586,
        13566.421128459579,
        6366.983221977733
      ]
    },
    "reconstruction_error": 8.901042560945554e-15,
    "psd_alpha": {
      "alpha_peaked_ics": 0,
      "n_components": 60
    },
    "mir": {
      "mir": -445.5108046047795,
      "n_components": 60
    },
    "iclean": {
      "mode": "dual",
      "threshold": 0.85,
      "segment_len_sec": 2.0,
      "mean_rejected_fraction": 0.0,
      "reference": "dual-layer noise electrodes"
    }
  }
}