{
  "_iclean": {
    "mode": "dual",
    "threshold": 0.85,
    "segment_len_sec": 2.0,
    "mean_rejected_fraction": 0.0,
    "reference": "dual-layer noise electrodes"
  },
  "amica": {
    "time": 138.70501685142517,
    "n_iter": 950,
    "n_components": 60,
    "iclabel": {
      "brain": 7,
      "muscle": 0,
      "eye": 0,
      "heart": 0,
      "line_noise": 0,
      "channel_noise": 0,
      "other": 53,
      "brain_50pct": 5,
      "brain_70pct": 0
    },
    "kurtosis": {
      "brain_like_kurtosis": 0,
      "n_components": 60,
      "kurtosis_mean": 2972.389442123113,
      "kurtosis_median": 2584.4422220950987,
      "kurtosis_values": [
        2614.4909085637128,
        879.8662598105125,
        7562.145888869073,
        1182.6803209932498,
        587.7319633149684,
        1456.6595371949716,
        1988.266514680895,
        3588.688253947977,
        3271.9321188935583,
        3437.5684889977583,
        6670.711574069735,
        2058.196960664351,
        3957.328959686699,
        2834.0952200938054,
        6652.2133099482235,
        1525.9871646146855,
        1839.5948930182892,
        2831.0409730366346,
        4631.63869886203,
        1717.7942181649782,
        6473.194279835128,
        2489.706299498763,
        1992.6603152030057,
        2949.064928287467,
        2144.1571682625186,
        6327.2386942201165,
        6387.961822061097,
        918.3796627010645,
        3388.464486932835,
        2231.584843107172,
        1826.2778269261653,
        3674.476964895556,
        2013.3216017836262,
        3008.4588503052637,
        2521.488772444258,
        2631.0706511195895,
        2426.1681239921236,
        2584.2837187840464,
        6014.549713108359,
        2662.281809591682,
        2583.839421154769,
        2899.1727698964296,
        1864.9672212975026,
        3922.275219115326,
        3562.322204101461,
        2584.600725406151,
        3748.254938606578,
        3682.188168597703,
        1370.5875940539013,
        1410.0499510086674,
        5338.207105584239,
        1818.9865232556717,
        2614.944986757701,
        2288.812117615908,
        1067.4774750877996,
        2846.4685570913107,
        1971.9229510984055,
        2456.3850026460946,
        2367.060418554168,
        1991.4204159710096
      ]
    },
    "reconstruction_error": 0.4598569497138195,
    "psd_alpha": {
      "alpha_peaked_ics": 0,
      "n_components": 60
    },
    "mir": {
      "mir": -1117.637633600471,
      "n_components": 60
    },
    "iclean": {
      "mode": "dual",
      "threshold": 0.85,
      "segment_len_sec": 2.0,
      "mean_rejected_fraction": 0.0,
      "reference": "dual-layer noise electrodes"
    }
  },
  "picard": {
    "time": 3166.2879185676575,
    "n_iter": 518,
    "n_components": 60,
    "iclabel": {
      "brain": 3,
      "muscle": 0,
      "eye": 0,
      "heart": 0,
      "line_noise": 0,
      "channel_noise": 0,
      "other": 16,
      "brain_50pct": 2,
      "brain_70pct": 0
    },
    "kurtosis": {
      "brain_like_kurtosis": 0,
      "n_components": 60,
      "kurtosis_mean": 11460.456739140442,
      "kurtosis_median": 5707.458517829255,
      "kurtosis_values": [
        880.0559084548992,
        21.652686023432533,
        1527.6734307520603,
        2033.0920411864645,
        5258.520810211929,
        4806.299001782927,
        313.1059886840961,
        16439.02347756564,
        328.16179907793475,
        3332.276519958618,
        623.6660437817811,
        27158.638134399836,
        2141.262392698054,
        52537.1625734897,
        19002.426826660674,
        45439.661057646495,
        4056.4332478015153,
        1149.8822898401033,
        30624.90323859194,
        25976.685503233977,
        4271.614882069273,
        9669.516351308908,
        30888.569474442287,
        16777.748671377212,
        38269.42799704411,
        12835.439879677413,
        3286.8768119497777,
        25997.249612845768,
        4346.297866703552,
        20156.139368879325,
        8904.26263419463,
        25602.136291004972,
        28900.74526666923,
        11347.35708305124,
        2908.005451263085,
        27035.05149933419,
        14858.541390722681,
        9432.69195701785,
        1846.4513821681508,
        5421.315681266025,
        16270.769476648677,
        18814.31639465933,
        5751.129099295308,
        10969.578552384133,
        433.53000033658617,
        955.0420229914353,
        5684.138786539376,
        5730.778249119133,
        24701.375306314203,
        269.574491419531,
        6547.545070880841,
        16039.664569887258,
        2444.795755240576,
        3723.636854642634,
        4133.745708512093,
        2829.3815808938953,
        4708.7439906048885,
        2754.544966100238,
        2422.6472124754077,
        6036.44373464916
      ]
    },
    "reconstruction_error": 2.44076686612526e-15,
    "psd_alpha": {
      "alpha_peaked_ics": 2,
      "n_components": 60
    },
    "mir": {
      "mir": -360.0450619105691,
      "n_components": 60
    },
    "iclean": {
      "mode": "dual",
      "threshold": 0.85,
      "segment_len_sec": 2.0,
      "mean_rejected_fraction": 0.0,
      "reference": "dual-layer noise electrodes"
    }
  },
  "infomax": {
    "time": 494.26890897750854,
    "n_iter": 175,
    "n_components": 60,
    "iclabel": {
      "brain": 4,
      "muscle": 0,
      "eye": 0,
      "heart": 0,
      "line_noise": 0,
      "channel_noise": 0,
      "other": 36,
      "brain_50pct": 3,
      "brain_70pct": 1
    },
    "kurtosis": {
      "brain_like_kurtosis": 0,
      "n_components": 60,
      "kurtosis_mean": 11714.86588973611,
      "kurtosis_median": 8307.463391440844,
      "kurtosis_values": [
        1102.3279181366681,
        22.358085666431933,
        5013.6398321114975,
        5481.576036817324,
        7319.465926063107,
        2307.870799267511,
        16964.205921204346,
        308.56532980656726,
        327.0981893586223,
        4835.360797387222,
        618.0332990688662,
        1085.7287678754676,
        52344.62037661996,
        42005.35681229081,
        3674.1965477137883,
        3962.6644736417293,
        24139.637313031195,
        17518.939806259696,
        17932.124976965126,
        26460.56776747999,
        4204.792188241074,
        10261.189348302963,
        7113.370742963918,
        24041.274993601848,
        10416.782808421265,
        4458.127603291665,
        12965.536064166818,
        21746.90012894725,
        8524.004777605795,
        9692.118877580153,
        29960.93603751391,
        4740.312718290867,
        10426.363557963965,
        15401.82647366881,
        27074.35028871444,
        6603.1603737841715,
        25195.53567118203,
        3243.4875642489246,
        15681.970330223214,
        3994.122897479316,
        6020.133129133213,
        5943.320752287078,
        27190.505585592808,
        13814.26339423926,
        9238.826320701386,
        36332.83432711714,
        1445.5987845066047,
        20076.768359383,
        304.09702280627766,
        12108.465226268492,
        8091.196282107282,
        8523.730500774405,
        5723.7287304795445,
        4765.60134455178,
        7355.189281995163,
        11116.280163946962,
        14772.712727386373,
        8764.202662047035,
        4253.686272631187,
        7880.310093253218
      ]
    },
    "reconstruction_error": 6.49280787497602e-15,
    "psd_alpha": {
      "alpha_peaked_ics": 1,
      "n_components": 60
    },
    "mir": {
      "mir": -500.4222424159732,
      "n_components": 60
    },
    "iclean": {
      "mode": "dual",
      "threshold": 0.85,
      "segment_len_sec": 2.0,
      "mean_rejected_fraction": 0.0,
      "reference": "dual-layer noise electrodes"
    }
  }
}