{
  "_iclean": {
    "mode": "dual",
    "threshold": 0.85,
    "segment_len_sec": 2.0,
    "mean_rejected_fraction": 0.0,
    "reference": "dual-layer noise electrodes"
  },
  "amica": {
    "time": 87.87255120277405,
    "n_iter": 765,
    "n_components": 60,
    "iclabel": {
      "brain": 0,
      "muscle": 0,
      "eye": 0,
      "heart": 0,
      "line_noise": 0,
      "channel_noise": 0,
      "other": 60,
      "brain_50pct": 0,
      "brain_70pct": 0
    },
    "kurtosis": {
      "brain_like_kurtosis": 0,
      "n_components": 60,
      "kurtosis_mean": 2851.7512920592153,
      "kurtosis_median": 2168.292172974369,
      "kurtosis_values": [
        2120.855716936622,
        2187.4420130847375,
        2140.730859144339,
        2186.8318125456676,
        2385.3462403870976,
        2325.6962962196053,
        2050.645187177436,
        1884.5921914056603,
        1960.0548984866377,
        2117.2702052511218,
        2049.472281131221,
        2209.78186145564,
        2069.7135780281715,
        2147.9813083939903,
        1784.565796166626,
        2028.0287991716234,
        3353.521889374281,
        1826.0976863571414,
        2208.124926724566,
        2364.539460651186,
        2217.9773422298636,
        1734.1104323185148,
        2140.7590672642914,
        2512.268346424111,
        1655.4848179799824,
        1738.7857780546399,
        5934.575348624238,
        2111.501443356901,
        2130.8971437788073,
        2126.5207289513287,
        2165.7671523593767,
        2062.267323981221,
        1553.211270046933,
        2673.094958179085,
        2146.9550867924077,
        2127.904991702316,
        1655.8776273386418,
        2124.863025993723,
        2345.250352174345,
        19254.38750270309,
        5036.926764457417,
        5362.543234494194,
        2307.4189064418633,
        5303.228967416189,
        2138.8348363295463,
        4878.141178057292,
        3859.1082938060435,
        3132.453516148365,
        3019.3885978097433,
        2101.0582001158105,
        4235.689143909049,
        4089.0159008122073,
        1869.6207804238522,
        1488.684363613521,
        2378.6817784172617,
        2170.817193589361,
        2526.3257943006784,
        3220.500163093981,
        3893.1661456208744,
        2279.7210163484606
      ]
    },
    "reconstruction_error": 0.4746483948154685,
    "psd_alpha": {
      "alpha_peaked_ics": 0,
      "n_components": 60
    },
    "mir": {
      "mir": -1294.521768856221,
      "n_components": 60
    },
    "iclean": {
      "mode": "dual",
      "threshold": 0.85,
      "segment_len_sec": 2.0,
      "mean_rejected_fraction": 0.0,
      "reference": "dual-layer noise electrodes"
    }
  },
  "picard": {
    "time": 3731.445658683777,
    "n_iter": 784,
    "n_components": 60,
    "iclabel": {
      "brain": 14,
      "muscle": 0,
      "eye": 0,
      "heart": 0,
      "line_noise": 0,
      "channel_noise": 0,
      "other": 25,
      "brain_50pct": 9,
      "brain_70pct": 4
    },
    "kurtosis": {
      "brain_like_kurtosis": 0,
      "n_components": 60,
      "kurtosis_mean": 20137.72212376434,
      "kurtosis_median": 9234.02966257294,
      "kurtosis_values": [
        896.1722969304803,
        1378.8422047745153,
        13543.496408587158,
        9696.350925324146,
        920.1347553273757,
        14302.559359170104,
        1730.7545453171208,
        17469.075250693113,
        4847.0336757341765,
        10574.033273986843,
        28827.63441317736,
        23969.343453286663,
        105886.82608517184,
        13157.09185291793,
        10087.223587863602,
        42580.79443010769,
        4331.302349931449,
        11425.649224716606,
        41388.801963098325,
        4180.848593289886,
        912.191569423761,
        17890.045143824053,
        55882.92475992204,
        44525.83038678398,
        3852.1153577885107,
        3708.622232568077,
        240294.9313343056,
        8711.227558857461,
        4628.522384259156,
        9140.057131190119,
        1351.7132032955121,
        22379.18678977707,
        7410.271622394865,
        3454.2741208841785,
        6407.799449542959,
        1299.48591216029,
        13204.740323634353,
        108560.06569751521,
        12413.279712235662,
        9328.002193955763,
        23149.236086898825,
        40306.6919420678,
        4209.109996256845,
        1937.037459464776,
        6830.611588133645,
        5922.7085733853655,
        4879.384328559255,
        7643.074011285803,
        10660.812878010815,
        12397.709995773945,
        8669.41143686011,
        8980.600976054366,
        37216.46084878039,
        54409.61758241823,
        10063.751555314659,
        7478.190880381697,
        1640.0693345885607,
        6425.912368324001,
        1520.5381056102012,
        17373.14194396635
      ]
    },
    "reconstruction_error": 2.7165578144207238e-15,
    "psd_alpha": {
      "alpha_peaked_ics": 0,
      "n_components": 60
    },
    "mir": {
      "mir": -466.40562034433316,
      "n_components": 60
    },
    "iclean": {
      "mode": "dual",
      "threshold": 0.85,
      "segment_len_sec": 2.0,
      "mean_rejected_fraction": 0.0,
      "reference": "dual-layer noise electrodes"
    }
  },
  "infomax": {
    "time": 474.8244333267212,
    "n_iter": 165,
    "n_components": 60,
    "iclabel": {
      "brain": 10,
      "muscle": 0,
      "eye": 0,
      "heart": 0,
      "line_noise": 0,
      "channel_noise": 0,
      "other": 33,
      "brain_50pct": 8,
      "brain_70pct": 1
    },
    "kurtosis": {
      "brain_like_kurtosis": 0,
      "n_components": 60,
      "kurtosis_mean": 21113.09580958255,
      "kurtosis_median": 10455.27546800148,
      "kurtosis_values": [
        6607.1170131242525,
        932.8736146358511,
        1368.5373567140066,
        1796.1398912394973,
        5064.668959690109,
        13808.97948901872,
        10429.09586685863,
        1746.0204823159754,
        17406.469903900463,
        29735.287440319822,
        23389.41446999072,
        4592.921609452096,
        13533.885061139728,
        9028.983065160264,
        10233.238652961934,
        33390.77837424321,
        928.0482903637759,
        9022.12180275558,
        95862.60464547185,
        48372.538776716865,
        15825.704901174315,
        17753.76493554106,
        195626.43190780745,
        12575.300884218846,
        1465.9934103526737,
        6758.658818104763,
        83300.48135531967,
        6938.5217196241165,
        3162.6013044328643,
        24022.319837132087,
        2089.3557946241667,
        8508.417376497628,
        10584.275714517638,
        12055.187510146741,
        5164.448936578516,
        9812.115519274617,
        26350.085117502218,
        111873.69701688434,
        17987.369069324814,
        38122.74668165156,
        6343.813194264588,
        14921.938719392758,
        10481.455069144333,
        9478.958640509987,
        18379.590361327177,
        58745.35719095684,
        6967.226261214051,
        1974.2047957761588,
        14705.124277120296,
        9492.838210696724,
        28328.365311422367,
        5569.363603657118,
        12294.096096104598,
        4503.070293998929,
        2839.2947739970145,
        72084.7703584166,
        14126.866008509278,
        8235.084142887465,
        1419.3040363822872,
        18667.824652390904
      ]
    },
    "reconstruction_error": 3.760048038111334e-15,
    "psd_alpha": {
      "alpha_peaked_ics": 0,
      "n_components": 60
    },
    "mir": {
      "mir": -632.3987144860837,
      "n_components": 60
    },
    "iclean": {
      "mode": "dual",
      "threshold": 0.85,
      "segment_len_sec": 2.0,
      "mean_rejected_fraction": 0.0,
      "reference": "dual-layer noise electrodes"
    }
  }
}