{
  "_iclean": {
    "mode": "dual",
    "threshold": 0.85,
    "segment_len_sec": 2.0,
    "mean_rejected_fraction": 0.0,
    "reference": "dual-layer noise electrodes"
  },
  "amica": {
    "time": 257.9958281517029,
    "n_iter": 2000,
    "n_components": 60,
    "iclabel": {
      "brain": 5,
      "muscle": 0,
      "eye": 0,
      "heart": 0,
      "line_noise": 0,
      "channel_noise": 0,
      "other": 55,
      "brain_50pct": 4,
      "brain_70pct": 1
    },
    "kurtosis": {
      "brain_like_kurtosis": 0,
      "n_components": 60,
      "kurtosis_mean": 1328.4942368562915,
      "kurtosis_median": 765.7535294905706,
      "kurtosis_values": [
        654.3348714665659,
        2492.595601274186,
        1168.2811818400514,
        810.9971602038219,
        2015.1531829278567,
        3159.1755352762893,
        672.7738125205062,
        1319.7214570222693,
        21965.381654993907,
        1763.3019757295622,
        3292.5587703810197,
        2536.255335521767,
        894.2140064037592,
        1079.5290080777006,
        1084.1154791935564,
        916.1913884074326,
        821.5365925160698,
        738.2075440455034,
        1278.3223186692098,
        1385.6274490948988,
        616.9450073834576,
        1011.0340552884238,
        552.0038305307428,
        675.5997699535819,
        523.4076746774742,
        1907.7505281972458,
        809.3448946098114,
        888.3211636248246,
        429.7121774278511,
        582.7956238982838,
        793.299514935638,
        549.4161552019975,
        665.5727217007816,
        1123.9606418171902,
        506.9874880185007,
        623.814981739276,
        886.6032578227993,
        487.0250702475213,
        558.2420941315805,
        538.541265205123,
        637.4779039841113,
        488.6648127684798,
        478.92053941709315,
        611.9802523867882,
        554.205223529422,
        450.8984181387163,
        447.2022997193402,
        455.79093475899657,
        1371.480813066379,
        554.7173267365118,
        539.098053313433,
        1163.2647411944356,
        627.4170942108316,
        651.5421824098981,
        663.9500144659454,
        1188.4055525686,
        1576.0774230790912,
        457.69595060187714,
        891.7726144959385,
        1120.4398185535683
      ]
    },
    "reconstruction_error": 1.4771561765163088e-14,
    "psd_alpha": {
      "alpha_peaked_ics": 0,
      "n_components": 60
    },
    "mir": {
      "mir": -431.4958848755093,
      "n_components": 60
    },
    "iclean": {
      "mode": "dual",
      "threshold": 0.85,
      "segment_len_sec": 2.0,
      "mean_rejected_fraction": 0.0,
      "reference": "dual-layer noise electrodes"
    }
  },
  "picard": {
    "time": 2384.2389323711395,
    "n_iter": 346,
    "n_components": 60,
    "iclabel": {
      "brain": 7,
      "muscle": 0,
      "eye": 0,
      "heart": 0,
      "line_noise": 0,
      "channel_noise": 0,
      "other": 27,
      "brain_50pct": 4,
      "brain_70pct": 0
    },
    "kurtosis": {
      "brain_like_kurtosis": 0,
      "n_components": 60,
      "kurtosis_mean": 6830.280155679753,
      "kurtosis_median": 3684.389789895448,
      "kurtosis_values": [
        13443.916564853818,
        712.559321017151,
        14259.44306133971,
        15987.03301145636,
        550.9696278113846,
        12586.38887003617,
        3800.5777915536887,
        1578.6964749361243,
        1475.1461464394285,
        4102.317052111207,
        2641.4531985436993,
        107901.4742877353,
        21053.832321106904,
        8719.994520007465,
        5596.058563379609,
        5444.862087832125,
        10222.049833020612,
        3427.618636679927,
        8345.30048263208,
        5434.825448220514,
        4302.386353518257,
        13684.183927243224,
        7390.548938593762,
        6731.7135372841485,
        4682.354619691619,
        2440.105758448307,
        1261.2812865261674,
        18137.63024801793,
        5858.100192052762,
        1421.647701435427,
        2213.299747063727,
        13340.516314846342,
        4398.744116906859,
        2952.527596390584,
        3911.0087594270567,
        4642.531151464134,
        4412.293627617514,
        2092.349980655465,
        774.8154630018163,
        2589.003453248118,
        2912.3679496226473,
        6616.0224688622075,
        8307.40797983308,
        915.6002153919407,
        5225.724467547435,
        691.2714878962433,
        3311.225827074206,
        3568.201788237207,
        4404.79957441355,
        634.5789103219361,
        2397.870828095015,
        2833.0855321816157,
        1163.1830253889855,
        567.5521542700789,
        2620.230641497821,
        1854.3987202231006,
        1971.034604647687,
        1551.176086351284,
        3083.5151806205226,
        666.0018241621631
      ]
    },
    "reconstruction_error": 2.7148450727493144e-15,
    "psd_alpha": {
      "alpha_peaked_ics": 0,
      "n_components": 60
    },
    "mir": {
      "mir": -393.8001779880361,
      "n_components": 60
    },
    "iclean": {
      "mode": "dual",
      "threshold": 0.85,
      "segment_len_sec": 2.0,
      "mean_rejected_fraction": 0.0,
      "reference": "dual-layer noise electrodes"
    }
  },
  "infomax": {
    "time": 439.4550323486328,
    "n_iter": 167,
    "n_components": 60,
    "iclabel": {
      "brain": 5,
      "muscle": 0,
      "eye": 0,
      "heart": 0,
      "line_noise": 0,
      "channel_noise": 0,
      "other": 28,
      "brain_50pct": 4,
      "brain_70pct": 0
    },
    "kurtosis": {
      "brain_like_kurtosis": 0,
      "n_components": 60,
      "kurtosis_mean": 7287.958923109697,
      "kurtosis_median": 3830.372056872507,
      "kurtosis_values": [
        9424.324610880874,
        1156.5889359674413,
        12862.84722977986,
        564.3171249144857,
        15787.509137942228,
        2949.327485755696,
        1530.5372478299107,
        20109.53901811485,
        100997.32130224699,
        1582.2480570624953,
        4381.21712947124,
        4571.894162408155,
        8415.50726843854,
        4215.586844288528,
        12736.00975513232,
        3573.048261687103,
        13648.427405536098,
        5375.94688242104,
        20840.32674040464,
        9515.801911827464,
        13476.748324745367,
        2326.797168077091,
        13626.372063305465,
        17303.806825352796,
        5739.988322116758,
        6867.013825113766,
        1281.4649921226871,
        5424.284385499042,
        13566.805055433706,
        2622.8448937314342,
        5002.57089649275,
        13426.398617507703,
        4327.210400702364,
        4506.180771050856,
        2853.620930339552,
        2221.8911638131344,
        3725.668296648827,
        2080.8613419373714,
        780.0110013083594,
        3133.8166323684495,
        2497.1742984609396,
        5132.723974599047,
        6426.802995032495,
        7972.914544851401,
        4768.5920712621055,
        2743.1677829471187,
        746.6834213576362,
        1012.1589705773366,
        3435.3801648098133,
        840.3632522399674,
        3038.336501250013,
        2928.5656259492685,
        603.6791458565434,
        1157.204006260007,
        1920.4641607455083,
        2819.5244531400695,
        3628.440719759398,
        3935.075817096187,
        2433.2915852657998,
        704.3094753437688
      ]
    },
    "reconstruction_error": 2.5962957779381684e-15,
    "psd_alpha": {
      "alpha_peaked_ics": 0,
      "n_components": 60
    },
    "mir": {
      "mir": -556.4523503660927,
      "n_components": 60
    },
    "iclean": {
      "mode": "dual",
      "threshold": 0.85,
      "segment_len_sec": 2.0,
      "mean_rejected_fraction": 0.0,
      "reference": "dual-layer noise electrodes"
    }
  }
}