comparator,comparator_label,n,mean,sd,ci_half,cohen_dz,t_stat,p_two_sided,wilcoxon_stat,wilcoxon_p,perm_p,p_holm,p_wilcoxon_holm
Picard,Picard,42,2.2286050038359653,1.5057004984374769,0.45537587665904866,1.4801117527348062,9.59222047414025,4.908220517260654e-12,0.0,4.547473508864641e-13,0.00019998000199980003,1.4724661551781963e-11,1.3642420526593924e-12
Infomax,Infomax,42,2.2481027089677093,1.5511723115125562,0.4691281247082648,1.4492927009350578,9.392490190855279,8.934913258471925e-12,0.0,4.547473508864641e-13,0.00019998000199980003,1.786982651694385e-11,1.3642420526593924e-12
FastICA,FastICA,42,2.3371115911163867,1.6200353474448022,0.4899546870887595,1.4426299986618143,9.349310945071696,1.0176961630964084e-11,0.0,4.547473508864641e-13,0.00019998000199980003,1.786982651694385e-11,1.3642420526593924e-12
